indicator_name,layer,value,ob_time,service_name,method_name
Activated Virtual Pages,CENTOS,14133488,2016-08-05 10:36:32,addBookmarkFolder,addFolder/1
Activated Virtual Pages,CENTOS,14133490,2016-08-05 10:36:33,addBookmarkFolder,addFolder/1
Activated Virtual Pages,CENTOS,14133492,2016-08-05 10:36:34,addBookmarkFolder,addFolder/1
Activated Virtual Pages,CENTOS,14133492,2016-08-05 10:36:35,addBookmarkFolder,addFolder/1
Activated Virtual Pages,CENTOS,14141474,2016-08-05 10:40:14,addBookmarkFolder,addFolder/1
Activated Virtual Pages,CENTOS,14141476,2016-08-05 10:40:15,addBookmarkFolder,addFolder/1
Activated Virtual Pages,CENTOS,14141476,2016-08-05 10:40:16,addBookmarkFolder,addFolder/1
Activated Virtual Pages,CENTOS,14149421,2016-08-05 10:43:59,addBookmarkFolder,addFolder/1
Activated Virtual Pages,CENTOS,14149423,2016-08-05 10:44:00,addBookmarkFolder,addFolder/1
Activated Virtual Pages,CENTOS,14149425,2016-08-05 10:44:01,addBookmarkFolder,addFolder/1
Activated Virtual Pages,CENTOS,14149425,2016-08-05 10:44:02,addBookmarkFolder,addFolder/1
Activated Virtual Pages,CENTOS,14157379,2016-08-05 10:47:35,addBookmarkFolder,addFolder/1
Activated Virtual Pages,CENTOS,14157381,2016-08-05 10:47:36,addBookmarkFolder,addFolder/1
Activated Virtual Pages,CENTOS,14157383,2016-08-05 10:47:37,addBookmarkFolder,addFolder/1
Activated Virtual Pages,CENTOS,14157383,2016-08-05 10:47:38,addBookmarkFolder,addFolder/1
Activated Virtual Pages,CENTOS,14165354,2016-08-05 10:51:22,addBookmarkFolder,addFolder/1
Activated Virtual Pages,CENTOS,14165357,2016-08-05 10:51:23,addBookmarkFolder,addFolder/1
Activated Virtual Pages,CENTOS,14181344,2016-08-05 10:58:40,addBookmarkFolder,addFolder/1
Activated Virtual Pages,CENTOS,14181348,2016-08-05 10:58:41,addBookmarkFolder,addFolder/1
Activated Virtual Pages,CENTOS,14189337,2016-08-05 11:02:17,addBookmarkFolder,addFolder/1
Activated Virtual Pages,CENTOS,14189339,2016-08-05 11:02:18,addBookmarkFolder,addFolder/1
Activated Virtual Pages,CENTOS,14189342,2016-08-05 11:02:19,addBookmarkFolder,addFolder/1
Activated Virtual Pages,CENTOS,14197345,2016-08-05 11:05:55,addBookmarkFolder,addFolder/1
Activated Virtual Pages,CENTOS,14197345,2016-08-05 11:05:56,addBookmarkFolder,addFolder/1
Activated Virtual Pages,CENTOS,14205285,2016-08-05 11:09:30,addBookmarkFolder,addFolder/1
Activated Virtual Pages,CENTOS,14205287,2016-08-05 11:09:31,addBookmarkFolder,addFolder/1
Activated Virtual Pages,CENTOS,14205287,2016-08-05 11:09:32,addBookmarkFolder,addFolder/1
Activated Virtual Pages,CENTOS,14213342,2016-08-05 11:13:11,addBookmarkFolder,addFolder/1
Activated Virtual Pages,CENTOS,14213343,2016-08-05 11:13:12,addBookmarkFolder,addFolder/1
Activated Virtual Pages,CENTOS,14213346,2016-08-05 11:13:13,addBookmarkFolder,addFolder/1
Activated Virtual Pages,CENTOS,14221315,2016-08-05 11:16:54,addBookmarkFolder,addFolder/1
Activated Virtual Pages,CENTOS,14221317,2016-08-05 11:16:55,addBookmarkFolder,addFolder/1
Activated Virtual Pages,CENTOS,14221317,2016-08-05 11:16:56,addBookmarkFolder,addFolder/1
Activated Virtual Pages,CENTOS,14229293,2016-08-05 11:20:35,addBookmarkFolder,addFolder/1
Activated Virtual Pages,CENTOS,14229296,2016-08-05 11:20:36,addBookmarkFolder,addFolder/1
Activated Virtual Pages,CENTOS,14229296,2016-08-05 11:20:37,addBookmarkFolder,addFolder/1
Activated Virtual Pages,CENTOS,14245278,2016-08-05 11:27:55,addBookmarkFolder,addFolder/1
Activated Virtual Pages,CENTOS,14245280,2016-08-05 11:27:56,addBookmarkFolder,addFolder/1
Activated Virtual Pages,CENTOS,14245280,2016-08-05 11:27:57,addBookmarkFolder,addFolder/1
Activated Virtual Pages,CENTOS,14253282,2016-08-05 11:31:32,addBookmarkFolder,addFolder/1
Activated Virtual Pages,CENTOS,14253282,2016-08-05 11:31:33,addBookmarkFolder,addFolder/1
Activated Virtual Pages,CENTOS,14261277,2016-08-05 11:35:10,addBookmarkFolder,addFolder/1
Activated Virtual Pages,CENTOS,14261281,2016-08-05 11:35:11,addBookmarkFolder,addFolder/1
Activated Virtual Pages,CENTOS,14261281,2016-08-05 11:35:12,addBookmarkFolder,addFolder/1
Activated Virtual Pages,CENTOS,14269299,2016-08-05 11:38:52,addBookmarkFolder,addFolder/1
Activated Virtual Pages,CENTOS,14269301,2016-08-05 11:38:53,addBookmarkFolder,addFolder/1
Activated Virtual Pages,CENTOS,14269304,2016-08-05 11:38:54,addBookmarkFolder,addFolder/1
Activated Virtual Pages,CENTOS,14269304,2016-08-05 11:38:55,addBookmarkFolder,addFolder/1
Activated Virtual Pages,CENTOS,14277286,2016-08-05 11:42:26,addBookmarkFolder,addFolder/1
Activated Virtual Pages,CENTOS,14277288,2016-08-05 11:42:27,addBookmarkFolder,addFolder/1
Activated Virtual Pages,CENTOS,14277290,2016-08-05 11:42:28,addBookmarkFolder,addFolder/1
Activated Virtual Pages,CENTOS,14285314,2016-08-05 11:46:06,addBookmarkFolder,addFolder/1
Activated Virtual Pages,CENTOS,14285314,2016-08-05 11:46:07,addBookmarkFolder,addFolder/1
Activated Virtual Pages,CENTOS,14301357,2016-08-05 11:53:31,addBookmarkFolder,addFolder/1
Activated Virtual Pages,CENTOS,14301361,2016-08-05 11:53:32,addBookmarkFolder,addFolder/1
Activated Virtual Pages,CENTOS,14301361,2016-08-05 11:53:33,addBookmarkFolder,addFolder/1
Activated Virtual Pages,CENTOS,14309355,2016-08-05 11:57:10,addBookmarkFolder,addFolder/1
Activated Virtual Pages,CENTOS,14309359,2016-08-05 11:57:11,addBookmarkFolder,addFolder/1
Activated Virtual Pages,CENTOS,14309359,2016-08-05 11:57:12,addBookmarkFolder,addFolder/1
Activated Virtual Pages,CENTOS,14333231,2016-08-05 12:07:42,addBookmarkFolder,addFolder/1
Activated Virtual Pages,CENTOS,14333233,2016-08-05 12:07:43,addBookmarkFolder,addFolder/1
Activated Virtual Pages,CENTOS,14333234,2016-08-05 12:07:44,addBookmarkFolder,addFolder/1
Activated Virtual Pages,CENTOS,14333234,2016-08-05 12:07:45,addBookmarkFolder,addFolder/1
Activated Virtual Pages,CENTOS,14341218,2016-08-05 12:11:30,addBookmarkFolder,addFolder/1
Activated Virtual Pages,CENTOS,14341222,2016-08-05 12:11:31,addBookmarkFolder,addFolder/1
Activated Virtual Pages,CENTOS,14349213,2016-08-05 12:15:14,addBookmarkFolder,addFolder/1
Activated Virtual Pages,CENTOS,14349217,2016-08-05 12:15:15,addBookmarkFolder,addFolder/1
Activated Virtual Pages,CENTOS,14349217,2016-08-05 12:15:16,addBookmarkFolder,addFolder/1
Activated Virtual Pages,CENTOS,14357236,2016-08-05 12:18:48,addBookmarkFolder,addFolder/1
Activated Virtual Pages,CENTOS,14357240,2016-08-05 12:18:49,addBookmarkFolder,addFolder/1
Activated Virtual Pages,CENTOS,14357240,2016-08-05 12:18:50,addBookmarkFolder,addFolder/1
Activated Virtual Pages,CENTOS,14365278,2016-08-05 12:22:27,addBookmarkFolder,addFolder/1
Activated Virtual Pages,CENTOS,14365279,2016-08-05 12:22:28,addBookmarkFolder,addFolder/1
Activated Virtual Pages,CENTOS,14365279,2016-08-05 12:22:29,addBookmarkFolder,addFolder/1
Activated Virtual Pages,CENTOS,14373279,2016-08-05 12:26:06,addBookmarkFolder,addFolder/1
Activated Virtual Pages,CENTOS,14373281,2016-08-05 12:26:07,addBookmarkFolder,addFolder/1
Activated Virtual Pages,CENTOS,14373283,2016-08-05 12:26:08,addBookmarkFolder,addFolder/1
Activated Virtual Pages,CENTOS,14381244,2016-08-05 12:29:44,addBookmarkFolder,addFolder/1
Activated Virtual Pages,CENTOS,14381246,2016-08-05 12:29:45,addBookmarkFolder,addFolder/1
Activated Virtual Pages,CENTOS,14381248,2016-08-05 12:29:46,addBookmarkFolder,addFolder/1
Activated Virtual Pages,CENTOS,14389231,2016-08-05 12:33:22,addBookmarkFolder,addFolder/1
Activated Virtual Pages,CENTOS,14389326,2016-08-05 12:33:23,addBookmarkFolder,addFolder/1
Activated Virtual Pages,CENTOS,14389327,2016-08-05 12:33:24,addBookmarkFolder,addFolder/1
Activated Virtual Pages,CENTOS,14398533,2016-08-05 12:36:59,addBookmarkFolder,addFolder/1
Activated Virtual Pages,CENTOS,14398535,2016-08-05 12:37:00,addBookmarkFolder,addFolder/1
Activated Virtual Pages,CENTOS,14398537,2016-08-05 12:37:01,addBookmarkFolder,addFolder/1
Activated Virtual Pages,CENTOS,14406542,2016-08-05 12:40:37,addBookmarkFolder,addFolder/1
Activated Virtual Pages,CENTOS,14406544,2016-08-05 12:40:38,addBookmarkFolder,addFolder/1
Activated Virtual Pages,CENTOS,14406544,2016-08-05 12:40:39,addBookmarkFolder,addFolder/1
Activated Virtual Pages,CENTOS,14414546,2016-08-05 12:44:26,addBookmarkFolder,addFolder/1
Activated Virtual Pages,CENTOS,14414548,2016-08-05 12:44:27,addBookmarkFolder,addFolder/1
Activated Virtual Pages,CENTOS,14414548,2016-08-05 12:44:28,addBookmarkFolder,addFolder/1
Activated Virtual Pages,CENTOS,14422517,2016-08-05 12:48:07,addBookmarkFolder,addFolder/1
Activated Virtual Pages,CENTOS,14422521,2016-08-05 12:48:08,addBookmarkFolder,addFolder/1
Activated Virtual Pages,CENTOS,14430546,2016-08-05 12:51:47,addBookmarkFolder,addFolder/1
Activated Virtual Pages,CENTOS,14430550,2016-08-05 12:51:48,addBookmarkFolder,addFolder/1
Activated Virtual Pages,CENTOS,14430550,2016-08-05 12:51:49,addBookmarkFolder,addFolder/1
Activated Virtual Pages,CENTOS,14438557,2016-08-05 12:55:27,addBookmarkFolder,addFolder/1
Activated Virtual Pages,CENTOS,14438559,2016-08-05 12:55:28,addBookmarkFolder,addFolder/1
Activated Virtual Pages,CENTOS,14438562,2016-08-05 12:55:29,addBookmarkFolder,addFolder/1
Activated Virtual Pages,CENTOS,14438565,2016-08-05 12:55:30,addBookmarkFolder,addFolder/1
Activated Virtual Pages,CENTOS,14446682,2016-08-05 12:59:03,addBookmarkFolder,addFolder/1
Activated Virtual Pages,CENTOS,14446684,2016-08-05 12:59:04,addBookmarkFolder,addFolder/1
Activated Virtual Pages,CENTOS,14446687,2016-08-05 12:59:05,addBookmarkFolder,addFolder/1
Activated Virtual Pages,CENTOS,14456198,2016-08-05 13:02:44,addBookmarkFolder,addFolder/1
Activated Virtual Pages,CENTOS,14456199,2016-08-05 13:02:45,addBookmarkFolder,addFolder/1
Activated Virtual Pages,CENTOS,14466657,2016-08-05 13:06:19,addBookmarkFolder,addFolder/1
Activated Virtual Pages,CENTOS,14466660,2016-08-05 13:06:20,addBookmarkFolder,addFolder/1
Activated Virtual Pages,CENTOS,14466660,2016-08-05 13:06:21,addBookmarkFolder,addFolder/1
Activated Virtual Pages,CENTOS,14474685,2016-08-05 13:09:58,addBookmarkFolder,addFolder/1
Activated Virtual Pages,CENTOS,14474687,2016-08-05 13:09:59,addBookmarkFolder,addFolder/1
Activated Virtual Pages,CENTOS,14474687,2016-08-05 13:10:00,addBookmarkFolder,addFolder/1
Activated Virtual Pages,CENTOS,14482687,2016-08-05 13:13:38,addBookmarkFolder,addFolder/1
Activated Virtual Pages,CENTOS,14482688,2016-08-05 13:13:39,addBookmarkFolder,addFolder/1
Activated Virtual Pages,CENTOS,14482723,2016-08-05 13:13:40,addBookmarkFolder,addFolder/1
Activated Virtual Pages,CENTOS,14491762,2016-08-05 13:17:20,addBookmarkFolder,addFolder/1
Activated Virtual Pages,CENTOS,14491766,2016-08-05 13:17:21,addBookmarkFolder,addFolder/1
Activated Virtual Pages,CENTOS,14491766,2016-08-05 13:17:22,addBookmarkFolder,addFolder/1
Activated Virtual Pages,CENTOS,14499779,2016-08-05 13:20:59,addBookmarkFolder,addFolder/1
Activated Virtual Pages,CENTOS,14499781,2016-08-05 13:21:00,addBookmarkFolder,addFolder/1
Activated Virtual Pages,CENTOS,14499783,2016-08-05 13:21:01,addBookmarkFolder,addFolder/1
Activated Virtual Pages,CENTOS,14507740,2016-08-05 13:24:35,addBookmarkFolder,addFolder/1
Activated Virtual Pages,CENTOS,14507744,2016-08-05 13:24:36,addBookmarkFolder,addFolder/1
Activated Virtual Pages,CENTOS,14507747,2016-08-05 13:24:37,addBookmarkFolder,addFolder/1
Activated Virtual Pages,CENTOS,14507747,2016-08-05 13:24:38,addBookmarkFolder,addFolder/1
Activated Virtual Pages,CENTOS,14523783,2016-08-05 13:31:47,addBookmarkFolder,addFolder/1
Activated Virtual Pages,CENTOS,14523785,2016-08-05 13:31:48,addBookmarkFolder,addFolder/1
Activated Virtual Pages,CENTOS,14523787,2016-08-05 13:31:49,addBookmarkFolder,addFolder/1
Activated Virtual Pages,CENTOS,14523787,2016-08-05 13:31:50,addBookmarkFolder,addFolder/1
Activated Virtual Pages,CENTOS,14531784,2016-08-05 13:35:30,addBookmarkFolder,addFolder/1
Activated Virtual Pages,CENTOS,14531786,2016-08-05 13:35:31,addBookmarkFolder,addFolder/1
Activated Virtual Pages,CENTOS,14531798,2016-08-05 13:35:32,addBookmarkFolder,addFolder/1
Activated Virtual Pages,CENTOS,14531798,2016-08-05 13:35:33,addBookmarkFolder,addFolder/1
Activated Virtual Pages,CENTOS,14547779,2016-08-05 13:42:44,addBookmarkFolder,addFolder/1
Activated Virtual Pages,CENTOS,14547779,2016-08-05 13:42:45,addBookmarkFolder,addFolder/1
Activated Virtual Pages,CENTOS,14555828,2016-08-05 13:46:25,addBookmarkFolder,addFolder/1
Activated Virtual Pages,CENTOS,14555832,2016-08-05 13:46:26,addBookmarkFolder,addFolder/1
Activated Virtual Pages,CENTOS,14579815,2016-08-05 13:57:50,addBookmarkFolder,addFolder/1
Activated Virtual Pages,CENTOS,14579820,2016-08-05 13:57:51,addBookmarkFolder,addFolder/1
Activated Virtual Pages,CENTOS,14579820,2016-08-05 13:57:52,addBookmarkFolder,addFolder/1
Activated Virtual Pages,CENTOS,14587819,2016-08-05 14:01:25,addBookmarkFolder,addFolder/1
Activated Virtual Pages,CENTOS,14587821,2016-08-05 14:01:26,addBookmarkFolder,addFolder/1
Activated Virtual Pages,CENTOS,14587821,2016-08-05 14:01:27,addBookmarkFolder,addFolder/1
Activated Virtual Pages,CENTOS,14595809,2016-08-05 14:04:59,addBookmarkFolder,addFolder/1
Activated Virtual Pages,CENTOS,14595809,2016-08-05 14:05:00,addBookmarkFolder,addFolder/1
Activated Virtual Pages,CENTOS,14595811,2016-08-05 14:05:01,addBookmarkFolder,addFolder/1
Activated Virtual Pages,CENTOS,14603793,2016-08-05 14:08:40,addBookmarkFolder,addFolder/1
Activated Virtual Pages,CENTOS,14603795,2016-08-05 14:08:41,addBookmarkFolder,addFolder/1
Activated Virtual Pages,CENTOS,14603798,2016-08-05 14:08:42,addBookmarkFolder,addFolder/1
Activated Virtual Pages,CENTOS,14611789,2016-08-05 14:12:18,addBookmarkFolder,addFolder/1
Activated Virtual Pages,CENTOS,14611791,2016-08-05 14:12:19,addBookmarkFolder,addFolder/1
Activated Virtual Pages,CENTOS,14611791,2016-08-05 14:12:20,addBookmarkFolder,addFolder/1
Activated Virtual Pages,CENTOS,14619793,2016-08-05 14:15:57,addBookmarkFolder,addFolder/1
Activated Virtual Pages,CENTOS,14619795,2016-08-05 14:15:58,addBookmarkFolder,addFolder/1
Activated Virtual Pages,CENTOS,14619795,2016-08-05 14:15:59,addBookmarkFolder,addFolder/1
Activated Virtual Pages,CENTOS,14627867,2016-08-05 14:19:38,addBookmarkFolder,addFolder/1
Activated Virtual Pages,CENTOS,14627873,2016-08-05 14:19:39,addBookmarkFolder,addFolder/1
Activated Virtual Pages,CENTOS,14627873,2016-08-05 14:19:40,addBookmarkFolder,addFolder/1
Activated Virtual Pages,CENTOS,14627873,2016-08-05 14:19:41,addBookmarkFolder,addFolder/1
Activated Virtual Pages,CENTOS,14635876,2016-08-05 14:23:15,addBookmarkFolder,addFolder/1
Activated Virtual Pages,CENTOS,14635876,2016-08-05 14:23:16,addBookmarkFolder,addFolder/1
Activated Virtual Pages,CENTOS,14643867,2016-08-05 14:26:52,addBookmarkFolder,addFolder/1
Activated Virtual Pages,CENTOS,14643869,2016-08-05 14:26:53,addBookmarkFolder,addFolder/1
Activated Virtual Pages,CENTOS,14643872,2016-08-05 14:26:54,addBookmarkFolder,addFolder/1
Activated Virtual Pages,CENTOS,14651884,2016-08-05 14:30:38,addBookmarkFolder,addFolder/1
Activated Virtual Pages,CENTOS,14651888,2016-08-05 14:30:39,addBookmarkFolder,addFolder/1
Activated Virtual Pages,CENTOS,14651888,2016-08-05 14:30:40,addBookmarkFolder,addFolder/1
Activated Virtual Pages,CENTOS,14659869,2016-08-05 14:34:16,addBookmarkFolder,addFolder/1
Activated Virtual Pages,CENTOS,14659870,2016-08-05 14:34:17,addBookmarkFolder,addFolder/1
Activated Virtual Pages,CENTOS,14659872,2016-08-05 14:34:18,addBookmarkFolder,addFolder/1
Activated Virtual Pages,CENTOS,14675891,2016-08-05 14:41:38,addBookmarkFolder,addFolder/1
Activated Virtual Pages,CENTOS,14675893,2016-08-05 14:41:39,addBookmarkFolder,addFolder/1
Activated Virtual Pages,CENTOS,14675897,2016-08-05 14:41:40,addBookmarkFolder,addFolder/1
Activated Virtual Pages,CENTOS,14675897,2016-08-05 14:41:41,addBookmarkFolder,addFolder/1
Activated Virtual Pages,CENTOS,14683858,2016-08-05 14:45:21,addBookmarkFolder,addFolder/1
Activated Virtual Pages,CENTOS,14683860,2016-08-05 14:45:22,addBookmarkFolder,addFolder/1
Activated Virtual Pages,CENTOS,14683860,2016-08-05 14:45:23,addBookmarkFolder,addFolder/1
Activated Virtual Pages,CENTOS,14691862,2016-08-05 14:49:07,addBookmarkFolder,addFolder/1
Activated Virtual Pages,CENTOS,14691866,2016-08-05 14:49:08,addBookmarkFolder,addFolder/1
Activated Virtual Pages,CENTOS,14691867,2016-08-05 14:49:09,addBookmarkFolder,addFolder/1
Activated Virtual Pages,CENTOS,14707865,2016-08-05 14:56:11,addBookmarkFolder,addFolder/1
Activated Virtual Pages,CENTOS,14707865,2016-08-05 14:56:12,addBookmarkFolder,addFolder/1
Activated Virtual Pages,CENTOS,14715869,2016-08-05 14:59:51,addBookmarkFolder,addFolder/1
Activated Virtual Pages,CENTOS,14715874,2016-08-05 14:59:52,addBookmarkFolder,addFolder/1
Activated Virtual Pages,CENTOS,14715874,2016-08-05 14:59:53,addBookmarkFolder,addFolder/1
Activated Virtual Pages,CENTOS,14723868,2016-08-05 15:03:25,addBookmarkFolder,addFolder/1
Activated Virtual Pages,CENTOS,14723868,2016-08-05 15:03:26,addBookmarkFolder,addFolder/1
Activated Virtual Pages,CENTOS,14723870,2016-08-05 15:03:27,addBookmarkFolder,addFolder/1
Activated Virtual Pages,CENTOS,14731891,2016-08-05 15:06:59,addBookmarkFolder,addFolder/1
Activated Virtual Pages,CENTOS,14731893,2016-08-05 15:07:00,addBookmarkFolder,addFolder/1
Activated Virtual Pages,CENTOS,14731893,2016-08-05 15:07:01,addBookmarkFolder,addFolder/1
Activated Virtual Pages,CENTOS,14739914,2016-08-05 15:10:45,addBookmarkFolder,addFolder/1
Activated Virtual Pages,CENTOS,14739918,2016-08-05 15:10:46,addBookmarkFolder,addFolder/1
Activated Virtual Pages,CENTOS,14739918,2016-08-05 15:10:47,addBookmarkFolder,addFolder/1
Activated Virtual Pages,CENTOS,14747886,2016-08-05 15:14:21,addBookmarkFolder,addFolder/1
Activated Virtual Pages,CENTOS,14747886,2016-08-05 15:14:22,addBookmarkFolder,addFolder/1
Activated Virtual Pages,CENTOS,14747888,2016-08-05 15:14:23,addBookmarkFolder,addFolder/1
Activated Virtual Pages,CENTOS,14747888,2016-08-05 15:14:24,addBookmarkFolder,addFolder/1
Activated Virtual Pages,CENTOS,14755916,2016-08-05 15:18:00,addBookmarkFolder,addFolder/1
Activated Virtual Pages,CENTOS,14755916,2016-08-05 15:18:01,addBookmarkFolder,addFolder/1
Activated Virtual Pages,CENTOS,14755918,2016-08-05 15:18:02,addBookmarkFolder,addFolder/1
Activated Virtual Pages,CENTOS,14763912,2016-08-05 15:21:36,addBookmarkFolder,addFolder/1
Activated Virtual Pages,CENTOS,14763914,2016-08-05 15:21:37,addBookmarkFolder,addFolder/1
Activated Virtual Pages,CENTOS,14763916,2016-08-05 15:21:38,addBookmarkFolder,addFolder/1
Activated Virtual Pages,CENTOS,14771932,2016-08-05 15:25:10,addBookmarkFolder,addFolder/1
Activated Virtual Pages,CENTOS,14771934,2016-08-05 15:25:11,addBookmarkFolder,addFolder/1
Activated Virtual Pages,CENTOS,14771934,2016-08-05 15:25:12,addBookmarkFolder,addFolder/1
Activated Virtual Pages,CENTOS,14795979,2016-08-05 15:35:50,addBookmarkFolder,addFolder/1
Activated Virtual Pages,CENTOS,14795981,2016-08-05 15:35:51,addBookmarkFolder,addFolder/1
Activated Virtual Pages,CENTOS,14795984,2016-08-05 15:35:52,addBookmarkFolder,addFolder/1
Activated Virtual Pages,CENTOS,14804000,2016-08-05 15:39:28,addBookmarkFolder,addFolder/1
Activated Virtual Pages,CENTOS,14804002,2016-08-05 15:39:29,addBookmarkFolder,addFolder/1
Activated Virtual Pages,CENTOS,14804004,2016-08-05 15:39:30,addBookmarkFolder,addFolder/1
Activated Virtual Pages,CENTOS,14804004,2016-08-05 15:39:31,addBookmarkFolder,addFolder/1
Activated Virtual Pages,CENTOS,14812022,2016-08-05 15:43:04,addBookmarkFolder,addFolder/1
Activated Virtual Pages,CENTOS,14812024,2016-08-05 15:43:05,addBookmarkFolder,addFolder/1
Activated Virtual Pages,CENTOS,14812024,2016-08-05 15:43:06,addBookmarkFolder,addFolder/1
Activated Virtual Pages,CENTOS,14828032,2016-08-05 15:50:09,addBookmarkFolder,addFolder/1
Activated Virtual Pages,CENTOS,14828032,2016-08-05 15:50:10,addBookmarkFolder,addFolder/1
Activated Virtual Pages,CENTOS,14836048,2016-08-05 15:53:45,addBookmarkFolder,addFolder/1
Activated Virtual Pages,CENTOS,14836050,2016-08-05 15:53:46,addBookmarkFolder,addFolder/1
Activated Virtual Pages,CENTOS,14852036,2016-08-05 16:01:10,addBookmarkFolder,addFolder/1
Activated Virtual Pages,CENTOS,14852036,2016-08-05 16:01:11,addBookmarkFolder,addFolder/1
Activated Virtual Pages,CENTOS,14852036,2016-08-05 16:01:12,addBookmarkFolder,addFolder/1
Activated Virtual Pages,CENTOS,14868063,2016-08-05 16:08:15,addBookmarkFolder,addFolder/1
Activated Virtual Pages,CENTOS,14868065,2016-08-05 16:08:16,addBookmarkFolder,addFolder/1
Activated Virtual Pages,CENTOS,14868065,2016-08-05 16:08:17,addBookmarkFolder,addFolder/1
Activated Virtual Pages,CENTOS,14876084,2016-08-05 16:11:49,addBookmarkFolder,addFolder/1
Activated Virtual Pages,CENTOS,14876084,2016-08-05 16:11:50,addBookmarkFolder,addFolder/1
Activated Virtual Pages,CENTOS,14884124,2016-08-05 16:15:22,addBookmarkFolder,addFolder/1
Activated Virtual Pages,CENTOS,14884126,2016-08-05 16:15:23,addBookmarkFolder,addFolder/1
Activated Virtual Pages,CENTOS,14884128,2016-08-05 16:15:24,addBookmarkFolder,addFolder/1
Activated Virtual Pages,CENTOS,14892179,2016-08-05 16:18:56,addBookmarkFolder,addFolder/1
Activated Virtual Pages,CENTOS,14892179,2016-08-05 16:18:57,addBookmarkFolder,addFolder/1
Activated Virtual Pages,CENTOS,14892181,2016-08-05 16:18:58,addBookmarkFolder,addFolder/1
Activated Virtual Pages,CENTOS,14900208,2016-08-05 16:22:33,addBookmarkFolder,addFolder/1
Activated Virtual Pages,CENTOS,14900212,2016-08-05 16:22:34,addBookmarkFolder,addFolder/1
Activated Virtual Pages,CENTOS,14900212,2016-08-05 16:22:35,addBookmarkFolder,addFolder/1
Activated Virtual Pages,CENTOS,14908237,2016-08-05 16:26:12,addBookmarkFolder,addFolder/1
Activated Virtual Pages,CENTOS,14908241,2016-08-05 16:26:13,addBookmarkFolder,addFolder/1
Activated Virtual Pages,CENTOS,14916240,2016-08-05 16:29:54,addBookmarkFolder,addFolder/1
Activated Virtual Pages,CENTOS,14916244,2016-08-05 16:29:55,addBookmarkFolder,addFolder/1
Activated Virtual Pages,CENTOS,14916244,2016-08-05 16:29:56,addBookmarkFolder,addFolder/1
Activated Virtual Pages,CENTOS,14924254,2016-08-05 16:33:34,addBookmarkFolder,addFolder/1
Activated Virtual Pages,CENTOS,14924256,2016-08-05 16:33:35,addBookmarkFolder,addFolder/1
Activated Virtual Pages,CENTOS,14924256,2016-08-05 16:33:36,addBookmarkFolder,addFolder/1
Activated Virtual Pages,CENTOS,14956312,2016-08-05 16:47:56,addBookmarkFolder,addFolder/1
Activated Virtual Pages,CENTOS,14956316,2016-08-05 16:47:57,addBookmarkFolder,addFolder/1
Activated Virtual Pages,CENTOS,14964313,2016-08-05 16:51:40,addBookmarkFolder,addFolder/1
Activated Virtual Pages,CENTOS,14964318,2016-08-05 16:51:41,addBookmarkFolder,addFolder/1
Activated Virtual Pages,CENTOS,14964318,2016-08-05 16:51:42,addBookmarkFolder,addFolder/1
Activated Virtual Pages,CENTOS,14980604,2016-08-05 18:08:33,addBookmarkFolder,addFolder/1
Activated Virtual Pages,CENTOS,14980606,2016-08-05 18:08:34,addBookmarkFolder,addFolder/1
Activated Virtual Pages,CENTOS,14980606,2016-08-05 18:08:35,addBookmarkFolder,addFolder/1
Activated Virtual Pages,CENTOS,14996629,2016-08-05 18:15:54,addBookmarkFolder,addFolder/1
Activated Virtual Pages,CENTOS,14996630,2016-08-05 18:15:55,addBookmarkFolder,addFolder/1
Activated Virtual Pages,CENTOS,15004659,2016-08-05 18:19:29,addBookmarkFolder,addFolder/1
Activated Virtual Pages,CENTOS,15004661,2016-08-05 18:19:30,addBookmarkFolder,addFolder/1
Activated Virtual Pages,CENTOS,15004666,2016-08-05 18:19:31,addBookmarkFolder,addFolder/1
Activated Virtual Pages,CENTOS,15004666,2016-08-05 18:19:32,addBookmarkFolder,addFolder/1
Activated Virtual Pages,CENTOS,15012718,2016-08-05 18:23:07,addBookmarkFolder,addFolder/1
Activated Virtual Pages,CENTOS,15012718,2016-08-05 18:23:08,addBookmarkFolder,addFolder/1
Activated Virtual Pages,CENTOS,15036756,2016-08-05 18:33:55,addBookmarkFolder,addFolder/1
Activated Virtual Pages,CENTOS,15036756,2016-08-05 18:33:56,addBookmarkFolder,addFolder/1
Activated Virtual Pages,CENTOS,15036758,2016-08-05 18:33:57,addBookmarkFolder,addFolder/1
Activated Virtual Pages,CENTOS,15044770,2016-08-05 18:37:34,addBookmarkFolder,addFolder/1
Activated Virtual Pages,CENTOS,15044770,2016-08-05 18:37:35,addBookmarkFolder,addFolder/1
Activated Virtual Pages,CENTOS,15052808,2016-08-05 18:41:11,addBookmarkFolder,addFolder/1
Activated Virtual Pages,CENTOS,15052812,2016-08-05 18:41:12,addBookmarkFolder,addFolder/1
Activated Virtual Pages,CENTOS,15068888,2016-08-05 18:48:20,addBookmarkFolder,addFolder/1
Activated Virtual Pages,CENTOS,15068890,2016-08-05 18:48:21,addBookmarkFolder,addFolder/1
Activated Virtual Pages,CENTOS,15076968,2016-08-05 18:51:56,addBookmarkFolder,addFolder/1
Activated Virtual Pages,CENTOS,15076972,2016-08-05 18:51:57,addBookmarkFolder,addFolder/1
Activated Virtual Pages,CENTOS,15084999,2016-08-05 18:55:34,addBookmarkFolder,addFolder/1
Activated Virtual Pages,CENTOS,15085003,2016-08-05 18:55:35,addBookmarkFolder,addFolder/1
Activated Virtual Pages,CENTOS,15085003,2016-08-05 18:55:36,addBookmarkFolder,addFolder/1
Activated Virtual Pages,CENTOS,15101109,2016-08-05 19:02:50,addBookmarkFolder,addFolder/1
Activated Virtual Pages,CENTOS,15101111,2016-08-05 19:02:51,addBookmarkFolder,addFolder/1
Activated Virtual Pages,CENTOS,15101111,2016-08-05 19:02:52,addBookmarkFolder,addFolder/1
Activated Virtual Pages,CENTOS,15117160,2016-08-05 19:09:58,addBookmarkFolder,addFolder/1
Activated Virtual Pages,CENTOS,15117163,2016-08-05 19:09:59,addBookmarkFolder,addFolder/1
Activated Virtual Pages,CENTOS,15117166,2016-08-05 19:10:00,addBookmarkFolder,addFolder/1
Activated Virtual Pages,CENTOS,15117167,2016-08-05 19:10:01,addBookmarkFolder,addFolder/1
Activated Virtual Pages,CENTOS,15125206,2016-08-05 19:13:34,addBookmarkFolder,addFolder/1
Activated Virtual Pages,CENTOS,15125208,2016-08-05 19:13:35,addBookmarkFolder,addFolder/1
Activated Virtual Pages,CENTOS,15125208,2016-08-05 19:13:36,addBookmarkFolder,addFolder/1
Activated Virtual Pages,CENTOS,15133243,2016-08-05 19:17:18,addBookmarkFolder,addFolder/1
Activated Virtual Pages,CENTOS,15133247,2016-08-05 19:17:19,addBookmarkFolder,addFolder/1
Activated Virtual Pages,CENTOS,15141348,2016-08-05 19:20:55,addBookmarkFolder,addFolder/1
Activated Virtual Pages,CENTOS,15141352,2016-08-05 19:20:56,addBookmarkFolder,addFolder/1
Activated Virtual Pages,CENTOS,15157598,2016-08-05 19:28:07,addBookmarkFolder,addFolder/1
Activated Virtual Pages,CENTOS,15157598,2016-08-05 19:28:08,addBookmarkFolder,addFolder/1
Activated Virtual Pages,CENTOS,15157600,2016-08-05 19:28:09,addBookmarkFolder,addFolder/1
Activated Virtual Pages,CENTOS,15167141,2016-08-05 19:31:41,addBookmarkFolder,addFolder/1
Activated Virtual Pages,CENTOS,15167143,2016-08-05 19:31:42,addBookmarkFolder,addFolder/1
Activated Virtual Pages,CENTOS,15167145,2016-08-05 19:31:43,addBookmarkFolder,addFolder/1
Activated Virtual Pages,CENTOS,15175186,2016-08-05 19:35:17,addBookmarkFolder,addFolder/1
Activated Virtual Pages,CENTOS,15175188,2016-08-05 19:35:18,addBookmarkFolder,addFolder/1
Activated Virtual Pages,CENTOS,15175188,2016-08-05 19:35:19,addBookmarkFolder,addFolder/1
Activated Virtual Pages,CENTOS,15183238,2016-08-05 19:38:52,addBookmarkFolder,addFolder/1
Activated Virtual Pages,CENTOS,15183240,2016-08-05 19:38:53,addBookmarkFolder,addFolder/1
Activated Virtual Pages,CENTOS,15183240,2016-08-05 19:38:54,addBookmarkFolder,addFolder/1
Activated Virtual Pages,CENTOS,15191265,2016-08-05 19:42:26,addBookmarkFolder,addFolder/1
Activated Virtual Pages,CENTOS,15191267,2016-08-05 19:42:27,addBookmarkFolder,addFolder/1
Activated Virtual Pages,CENTOS,15191269,2016-08-05 19:42:28,addBookmarkFolder,addFolder/1
Activated Virtual Pages,CENTOS,15199329,2016-08-05 19:46:05,addBookmarkFolder,addFolder/1
Activated Virtual Pages,CENTOS,15199330,2016-08-05 19:46:06,addBookmarkFolder,addFolder/1
Activated Virtual Pages,CENTOS,15199334,2016-08-05 19:46:07,addBookmarkFolder,addFolder/1
Activated Virtual Pages,CENTOS,15215475,2016-08-05 19:53:11,addBookmarkFolder,addFolder/1
Activated Virtual Pages,CENTOS,15215478,2016-08-05 19:53:12,addBookmarkFolder,addFolder/1
Activated Virtual Pages,CENTOS,15215478,2016-08-05 19:53:13,addBookmarkFolder,addFolder/1
Activated Virtual Pages,CENTOS,15223544,2016-08-05 19:56:47,addBookmarkFolder,addFolder/1
Activated Virtual Pages,CENTOS,15223549,2016-08-05 19:56:48,addBookmarkFolder,addFolder/1
Activated Virtual Pages,CENTOS,15239657,2016-08-05 20:03:58,addBookmarkFolder,addFolder/1
Activated Virtual Pages,CENTOS,15239661,2016-08-05 20:03:59,addBookmarkFolder,addFolder/1
Activated Virtual Pages,CENTOS,15239661,2016-08-05 20:04:00,addBookmarkFolder,addFolder/1
Activated Virtual Pages,CENTOS,15305224,2016-08-05 20:15:05,addBookmarkFolder,addFolder/1
Activated Virtual Pages,CENTOS,15305226,2016-08-05 20:15:06,addBookmarkFolder,addFolder/1
Activated Virtual Pages,CENTOS,15305226,2016-08-05 20:15:07,addBookmarkFolder,addFolder/1
Activated Virtual Pages,CENTOS,15313312,2016-08-05 20:18:43,addBookmarkFolder,addFolder/1
Activated Virtual Pages,CENTOS,15313314,2016-08-05 20:18:44,addBookmarkFolder,addFolder/1
Activated Virtual Pages,CENTOS,15313314,2016-08-05 20:18:45,addBookmarkFolder,addFolder/1
Activated Virtual Pages,CENTOS,15337499,2016-08-05 20:29:58,addBookmarkFolder,addFolder/1
Activated Virtual Pages,CENTOS,15337500,2016-08-05 20:29:59,addBookmarkFolder,addFolder/1
Activated Virtual Pages,CENTOS,15337502,2016-08-05 20:30:00,addBookmarkFolder,addFolder/1
Activated Virtual Pages,CENTOS,15337502,2016-08-05 20:30:01,addBookmarkFolder,addFolder/1
Activated Virtual Pages,CENTOS,15345558,2016-08-05 20:33:44,addBookmarkFolder,addFolder/1
Activated Virtual Pages,CENTOS,15345560,2016-08-05 20:33:45,addBookmarkFolder,addFolder/1
Activated Virtual Pages,CENTOS,15345560,2016-08-05 20:33:46,addBookmarkFolder,addFolder/1
Activated Virtual Pages,CENTOS,15353620,2016-08-05 20:37:21,addBookmarkFolder,addFolder/1
Activated Virtual Pages,CENTOS,15353620,2016-08-05 20:37:22,addBookmarkFolder,addFolder/1
Activated Virtual Pages,CENTOS,15361679,2016-08-05 20:41:00,addBookmarkFolder,addFolder/1
Activated Virtual Pages,CENTOS,15361679,2016-08-05 20:41:01,addBookmarkFolder,addFolder/1
Activated Virtual Pages,CENTOS,15369728,2016-08-05 20:44:36,addBookmarkFolder,addFolder/1
Activated Virtual Pages,CENTOS,15369730,2016-08-05 20:44:37,addBookmarkFolder,addFolder/1
Activated Virtual Pages,CENTOS,15377839,2016-08-05 20:48:10,addBookmarkFolder,addFolder/1
Activated Virtual Pages,CENTOS,15377839,2016-08-05 20:48:11,addBookmarkFolder,addFolder/1
Activated Virtual Pages,CENTOS,15377841,2016-08-05 20:48:12,addBookmarkFolder,addFolder/1
Activated Virtual Pages,CENTOS,15393915,2016-08-05 20:55:24,addBookmarkFolder,addFolder/1
Activated Virtual Pages,CENTOS,15393919,2016-08-05 20:55:25,addBookmarkFolder,addFolder/1
Activated Virtual Pages,CENTOS,15393919,2016-08-05 20:55:26,addBookmarkFolder,addFolder/1
Activated Virtual Pages,CENTOS,15410028,2016-08-05 21:02:40,addBookmarkFolder,addFolder/1
Activated Virtual Pages,CENTOS,15410030,2016-08-05 21:02:41,addBookmarkFolder,addFolder/1
Activated Virtual Pages,CENTOS,15418092,2016-08-05 21:06:25,addBookmarkFolder,addFolder/1
Activated Virtual Pages,CENTOS,15418096,2016-08-05 21:06:26,addBookmarkFolder,addFolder/1
Activated Virtual Pages,CENTOS,15438512,2016-08-05 21:10:00,addBookmarkFolder,addFolder/1
Activated Virtual Pages,CENTOS,15438513,2016-08-05 21:10:01,addBookmarkFolder,addFolder/1
Activated Virtual Pages,CENTOS,15438579,2016-08-05 21:10:02,addBookmarkFolder,addFolder/1
Activated Virtual Pages,CENTOS,15438930,2016-08-05 21:10:03,addBookmarkFolder,addFolder/1
Activated Virtual Pages,CENTOS,15468760,2016-08-05 21:13:41,addBookmarkFolder,addFolder/1
Activated Virtual Pages,CENTOS,15468762,2016-08-05 21:13:42,addBookmarkFolder,addFolder/1
Activated Virtual Pages,CENTOS,15468764,2016-08-05 21:13:43,addBookmarkFolder,addFolder/1
Activated Virtual Pages,CENTOS,15476878,2016-08-05 21:17:21,addBookmarkFolder,addFolder/1
Activated Virtual Pages,CENTOS,15476882,2016-08-05 21:17:22,addBookmarkFolder,addFolder/1
Activated Virtual Pages,CENTOS,15476882,2016-08-05 21:17:23,addBookmarkFolder,addFolder/1
Activated Virtual Pages,CENTOS,15484953,2016-08-05 21:20:59,addBookmarkFolder,addFolder/1
Activated Virtual Pages,CENTOS,15484955,2016-08-05 21:21:00,addBookmarkFolder,addFolder/1
Activated Virtual Pages,CENTOS,15484955,2016-08-05 21:21:01,addBookmarkFolder,addFolder/1
Activated Virtual Pages,CENTOS,15493006,2016-08-05 21:24:39,addBookmarkFolder,addFolder/1
Activated Virtual Pages,CENTOS,15493009,2016-08-05 21:24:40,addBookmarkFolder,addFolder/1
Activated Virtual Pages,CENTOS,15501100,2016-08-05 21:28:23,addBookmarkFolder,addFolder/1
Activated Virtual Pages,CENTOS,15501101,2016-08-05 21:28:24,addBookmarkFolder,addFolder/1
Activated Virtual Pages,CENTOS,15501103,2016-08-05 21:28:25,addBookmarkFolder,addFolder/1
Activated Virtual Pages,CENTOS,15509176,2016-08-05 21:32:00,addBookmarkFolder,addFolder/1
Activated Virtual Pages,CENTOS,15509178,2016-08-05 21:32:01,addBookmarkFolder,addFolder/1
Activated Virtual Pages,CENTOS,15509178,2016-08-05 21:32:02,addBookmarkFolder,addFolder/1
Activated Virtual Pages,CENTOS,15525292,2016-08-05 21:39:17,addBookmarkFolder,addFolder/1
Activated Virtual Pages,CENTOS,15525297,2016-08-05 21:39:18,addBookmarkFolder,addFolder/1
Activated Virtual Pages,CENTOS,15549549,2016-08-05 21:50:03,addBookmarkFolder,addFolder/1
Activated Virtual Pages,CENTOS,15549549,2016-08-05 21:50:04,addBookmarkFolder,addFolder/1
Activated Virtual Pages,CENTOS,15557621,2016-08-05 21:53:42,addBookmarkFolder,addFolder/1
Activated Virtual Pages,CENTOS,15557621,2016-08-05 21:53:43,addBookmarkFolder,addFolder/1
Activated Virtual Pages,CENTOS,15565687,2016-08-05 21:57:22,addBookmarkFolder,addFolder/1
Activated Virtual Pages,CENTOS,15565687,2016-08-05 21:57:23,addBookmarkFolder,addFolder/1
Activated Virtual Pages,CENTOS,15573769,2016-08-05 22:01:06,addBookmarkFolder,addFolder/1
Activated Virtual Pages,CENTOS,15573769,2016-08-05 22:01:07,addBookmarkFolder,addFolder/1
Activated Virtual Pages,CENTOS,15597994,2016-08-05 22:11:48,addBookmarkFolder,addFolder/1
Activated Virtual Pages,CENTOS,15597997,2016-08-05 22:11:49,addBookmarkFolder,addFolder/1
Activated Virtual Pages,CENTOS,15597997,2016-08-05 22:11:50,addBookmarkFolder,addFolder/1
Activated Virtual Pages,CENTOS,15606098,2016-08-05 22:15:26,addBookmarkFolder,addFolder/1
Activated Virtual Pages,CENTOS,15606102,2016-08-05 22:15:27,addBookmarkFolder,addFolder/1
Activated Virtual Pages,CENTOS,15614206,2016-08-05 22:19:04,addBookmarkFolder,addFolder/1
Activated Virtual Pages,CENTOS,15614206,2016-08-05 22:19:05,addBookmarkFolder,addFolder/1
Activated Virtual Pages,CENTOS,15622298,2016-08-05 22:22:50,addBookmarkFolder,addFolder/1
Activated Virtual Pages,CENTOS,15622300,2016-08-05 22:22:51,addBookmarkFolder,addFolder/1
Activated Virtual Pages,CENTOS,15630382,2016-08-05 22:26:26,addBookmarkFolder,addFolder/1
Activated Virtual Pages,CENTOS,15630382,2016-08-05 22:26:27,addBookmarkFolder,addFolder/1
Activated Virtual Pages,CENTOS,15646518,2016-08-05 22:33:47,addBookmarkFolder,addFolder/1
Activated Virtual Pages,CENTOS,15646520,2016-08-05 22:33:48,addBookmarkFolder,addFolder/1
Activated Virtual Pages,CENTOS,15646522,2016-08-05 22:33:49,addBookmarkFolder,addFolder/1
Activated Virtual Pages,CENTOS,15646522,2016-08-05 22:33:50,addBookmarkFolder,addFolder/1
Activated Virtual Pages,CENTOS,15662690,2016-08-05 22:41:00,addBookmarkFolder,addFolder/1
Activated Virtual Pages,CENTOS,15662690,2016-08-05 22:41:01,addBookmarkFolder,addFolder/1
Activated Virtual Pages,CENTOS,15662692,2016-08-05 22:41:02,addBookmarkFolder,addFolder/1
Activated Virtual Pages,CENTOS,15662692,2016-08-05 22:41:03,addBookmarkFolder,addFolder/1
Activated Virtual Pages,CENTOS,15670832,2016-08-05 22:44:38,addBookmarkFolder,addFolder/1
Activated Virtual Pages,CENTOS,15670837,2016-08-05 22:44:39,addBookmarkFolder,addFolder/1
Activated Virtual Pages,CENTOS,15670837,2016-08-05 22:44:40,addBookmarkFolder,addFolder/1
Activated Virtual Pages,CENTOS,15678924,2016-08-05 22:48:26,addBookmarkFolder,addFolder/1
Activated Virtual Pages,CENTOS,15678924,2016-08-05 22:48:27,addBookmarkFolder,addFolder/1
Activated Virtual Pages,CENTOS,15687005,2016-08-05 22:52:06,addBookmarkFolder,addFolder/1
Activated Virtual Pages,CENTOS,15687009,2016-08-05 22:52:07,addBookmarkFolder,addFolder/1
Activated Virtual Pages,CENTOS,15695100,2016-08-05 22:55:43,addBookmarkFolder,addFolder/1
Activated Virtual Pages,CENTOS,15695101,2016-08-05 22:55:44,addBookmarkFolder,addFolder/1
Activated Virtual Pages,CENTOS,15695103,2016-08-05 22:55:45,addBookmarkFolder,addFolder/1
Activated Virtual Pages,CENTOS,15703162,2016-08-05 22:59:24,addBookmarkFolder,addFolder/1
Activated Virtual Pages,CENTOS,15703164,2016-08-05 22:59:25,addBookmarkFolder,addFolder/1
Activated Virtual Pages,CENTOS,15703166,2016-08-05 22:59:26,addBookmarkFolder,addFolder/1
Activated Virtual Pages,CENTOS,15703166,2016-08-05 22:59:27,addBookmarkFolder,addFolder/1
Activated Virtual Pages,CENTOS,15711240,2016-08-05 23:02:58,addBookmarkFolder,addFolder/1
Activated Virtual Pages,CENTOS,15711240,2016-08-05 23:02:59,addBookmarkFolder,addFolder/1
Activated Virtual Pages,CENTOS,15711242,2016-08-05 23:03:00,addBookmarkFolder,addFolder/1
Activated Virtual Pages,CENTOS,15711242,2016-08-05 23:03:01,addBookmarkFolder,addFolder/1
Activated Virtual Pages,CENTOS,15719336,2016-08-05 23:06:34,addBookmarkFolder,addFolder/1
Activated Virtual Pages,CENTOS,15719338,2016-08-05 23:06:35,addBookmarkFolder,addFolder/1
Activated Virtual Pages,CENTOS,15719340,2016-08-05 23:06:36,addBookmarkFolder,addFolder/1
Activated Virtual Pages,CENTOS,15743613,2016-08-05 23:17:30,addBookmarkFolder,addFolder/1
Activated Virtual Pages,CENTOS,15743616,2016-08-05 23:17:31,addBookmarkFolder,addFolder/1
Activated Virtual Pages,CENTOS,15743618,2016-08-05 23:17:32,addBookmarkFolder,addFolder/1
Activated Virtual Pages,CENTOS,15743618,2016-08-05 23:17:33,addBookmarkFolder,addFolder/1
Activated Virtual Pages,CENTOS,15751705,2016-08-05 23:21:15,addBookmarkFolder,addFolder/1
Activated Virtual Pages,CENTOS,15751709,2016-08-05 23:21:16,addBookmarkFolder,addFolder/1
Activated Virtual Pages,CENTOS,15759816,2016-08-05 23:24:54,addBookmarkFolder,addFolder/1
Activated Virtual Pages,CENTOS,15759818,2016-08-05 23:24:55,addBookmarkFolder,addFolder/1
Activated Virtual Pages,CENTOS,15759818,2016-08-05 23:24:56,addBookmarkFolder,addFolder/1
Activated Virtual Pages,CENTOS,15767888,2016-08-05 23:28:35,addBookmarkFolder,addFolder/1
Activated Virtual Pages,CENTOS,15767892,2016-08-05 23:28:36,addBookmarkFolder,addFolder/1
Activated Virtual Pages,CENTOS,15775965,2016-08-05 23:32:11,addBookmarkFolder,addFolder/1
Activated Virtual Pages,CENTOS,15775967,2016-08-05 23:32:12,addBookmarkFolder,addFolder/1
Activated Virtual Pages,CENTOS,15775967,2016-08-05 23:32:13,addBookmarkFolder,addFolder/1
Activated Virtual Pages,CENTOS,15792115,2016-08-05 23:39:28,addBookmarkFolder,addFolder/1
Activated Virtual Pages,CENTOS,15792117,2016-08-05 23:39:29,addBookmarkFolder,addFolder/1
Activated Virtual Pages,CENTOS,15792117,2016-08-05 23:39:30,addBookmarkFolder,addFolder/1
Activated Virtual Pages,CENTOS,15816459,2016-08-05 23:50:23,addBookmarkFolder,addFolder/1
Activated Virtual Pages,CENTOS,15816461,2016-08-05 23:50:24,addBookmarkFolder,addFolder/1
Activated Virtual Pages,CENTOS,15816464,2016-08-05 23:50:25,addBookmarkFolder,addFolder/1
Activated Virtual Pages,CENTOS,15824593,2016-08-05 23:54:04,addBookmarkFolder,addFolder/1
Activated Virtual Pages,CENTOS,15824597,2016-08-05 23:54:05,addBookmarkFolder,addFolder/1
Activated Virtual Pages,CENTOS,15832750,2016-08-05 23:57:47,addBookmarkFolder,addFolder/1
Activated Virtual Pages,CENTOS,15832751,2016-08-05 23:57:48,addBookmarkFolder,addFolder/1
Activated Virtual Pages,CENTOS,15840880,2016-08-06 00:01:34,addBookmarkFolder,addFolder/1
Activated Virtual Pages,CENTOS,15840880,2016-08-06 00:01:35,addBookmarkFolder,addFolder/1
Activated Virtual Pages,CENTOS,15848976,2016-08-06 00:05:12,addBookmarkFolder,addFolder/1
Activated Virtual Pages,CENTOS,15848979,2016-08-06 00:05:13,addBookmarkFolder,addFolder/1
Activated Virtual Pages,CENTOS,15857053,2016-08-06 00:08:51,addBookmarkFolder,addFolder/1
Activated Virtual Pages,CENTOS,15857057,2016-08-06 00:08:52,addBookmarkFolder,addFolder/1
Activated Virtual Pages,CENTOS,15865193,2016-08-06 00:12:30,addBookmarkFolder,addFolder/1
Activated Virtual Pages,CENTOS,15865195,2016-08-06 00:12:31,addBookmarkFolder,addFolder/1
Activated Virtual Pages,CENTOS,15865197,2016-08-06 00:12:32,addBookmarkFolder,addFolder/1
Activated Virtual Pages,CENTOS,15865197,2016-08-06 00:12:33,addBookmarkFolder,addFolder/1
Activated Virtual Pages,CENTOS,15873315,2016-08-06 00:16:10,addBookmarkFolder,addFolder/1
Activated Virtual Pages,CENTOS,15873317,2016-08-06 00:16:11,addBookmarkFolder,addFolder/1
Activated Virtual Pages,CENTOS,15873317,2016-08-06 00:16:12,addBookmarkFolder,addFolder/1
Activated Virtual Pages,CENTOS,15881407,2016-08-06 00:19:49,addBookmarkFolder,addFolder/1
Activated Virtual Pages,CENTOS,15881409,2016-08-06 00:19:50,addBookmarkFolder,addFolder/1
Activated Virtual Pages,CENTOS,15881411,2016-08-06 00:19:51,addBookmarkFolder,addFolder/1
Activated Virtual Pages,CENTOS,15881411,2016-08-06 00:19:52,addBookmarkFolder,addFolder/1
Activated Virtual Pages,CENTOS,15889499,2016-08-06 00:23:25,addBookmarkFolder,addFolder/1
Activated Virtual Pages,CENTOS,15889502,2016-08-06 00:23:26,addBookmarkFolder,addFolder/1
Activated Virtual Pages,CENTOS,15897584,2016-08-06 00:27:03,addBookmarkFolder,addFolder/1
Activated Virtual Pages,CENTOS,15897588,2016-08-06 00:27:04,addBookmarkFolder,addFolder/1
Activated Virtual Pages,CENTOS,15905688,2016-08-06 00:30:41,addBookmarkFolder,addFolder/1
Activated Virtual Pages,CENTOS,15905691,2016-08-06 00:30:42,addBookmarkFolder,addFolder/1
Activated Virtual Pages,CENTOS,15913807,2016-08-06 00:34:17,addBookmarkFolder,addFolder/1
Activated Virtual Pages,CENTOS,15913808,2016-08-06 00:34:18,addBookmarkFolder,addFolder/1
Activated Virtual Pages,CENTOS,15913810,2016-08-06 00:34:19,addBookmarkFolder,addFolder/1
Activated Virtual Pages,CENTOS,15913810,2016-08-06 00:34:20,addBookmarkFolder,addFolder/1
Activated Virtual Pages,CENTOS,15921901,2016-08-06 00:38:05,addBookmarkFolder,addFolder/1
Activated Virtual Pages,CENTOS,15921904,2016-08-06 00:38:06,addBookmarkFolder,addFolder/1
Activated Virtual Pages,CENTOS,15921904,2016-08-06 00:38:07,addBookmarkFolder,addFolder/1
Activated Virtual Pages,CENTOS,15938147,2016-08-06 00:45:35,addBookmarkFolder,addFolder/1
Activated Virtual Pages,CENTOS,15938149,2016-08-06 00:45:36,addBookmarkFolder,addFolder/1
Activated Virtual Pages,CENTOS,15938151,2016-08-06 00:45:37,addBookmarkFolder,addFolder/1
Activated Virtual Pages,CENTOS,15946263,2016-08-06 00:49:16,addBookmarkFolder,addFolder/1
Activated Virtual Pages,CENTOS,15946263,2016-08-06 00:49:17,addBookmarkFolder,addFolder/1
Activated Virtual Pages,CENTOS,15954376,2016-08-06 00:52:50,addBookmarkFolder,addFolder/1
Activated Virtual Pages,CENTOS,15954378,2016-08-06 00:52:51,addBookmarkFolder,addFolder/1
Activated Virtual Pages,CENTOS,15954380,2016-08-06 00:52:52,addBookmarkFolder,addFolder/1
Activated Virtual Pages,CENTOS,15962493,2016-08-06 00:56:33,addBookmarkFolder,addFolder/1
Activated Virtual Pages,CENTOS,15962495,2016-08-06 00:56:34,addBookmarkFolder,addFolder/1
Activated Virtual Pages,CENTOS,15962495,2016-08-06 00:56:35,addBookmarkFolder,addFolder/1
Activated Virtual Pages,CENTOS,15970600,2016-08-06 01:00:08,addBookmarkFolder,addFolder/1
Activated Virtual Pages,CENTOS,15970602,2016-08-06 01:00:09,addBookmarkFolder,addFolder/1
Activated Virtual Pages,CENTOS,15970602,2016-08-06 01:00:10,addBookmarkFolder,addFolder/1
Activated Virtual Pages,CENTOS,16126482,2016-08-08 12:26:14,addBookmarkFolder,addFolder/1
Activated Virtual Pages,CENTOS,16126485,2016-08-08 12:26:15,addBookmarkFolder,addFolder/1
Activated Virtual Pages,CENTOS,16126485,2016-08-08 12:26:16,addBookmarkFolder,addFolder/1
Activated Virtual Pages,CENTOS,16134592,2016-08-08 12:30:01,addBookmarkFolder,addFolder/1
Activated Virtual Pages,CENTOS,16134596,2016-08-08 12:30:02,addBookmarkFolder,addFolder/1
Activated Virtual Pages,CENTOS,16142691,2016-08-08 12:33:41,addBookmarkFolder,addFolder/1
Activated Virtual Pages,CENTOS,16142695,2016-08-08 12:33:42,addBookmarkFolder,addFolder/1
Activated Virtual Pages,CENTOS,16150804,2016-08-08 12:37:24,addBookmarkFolder,addFolder/1
Activated Virtual Pages,CENTOS,16150805,2016-08-08 12:37:25,addBookmarkFolder,addFolder/1
Activated Virtual Pages,CENTOS,16158926,2016-08-08 12:41:02,addBookmarkFolder,addFolder/1
Activated Virtual Pages,CENTOS,16158926,2016-08-08 12:41:03,addBookmarkFolder,addFolder/1
Activated Virtual Pages,CENTOS,16158928,2016-08-08 12:41:04,addBookmarkFolder,addFolder/1
Activated Virtual Pages,CENTOS,16167048,2016-08-08 12:44:38,addBookmarkFolder,addFolder/1
Activated Virtual Pages,CENTOS,16167050,2016-08-08 12:44:39,addBookmarkFolder,addFolder/1
Activated Virtual Pages,CENTOS,16167050,2016-08-08 12:44:40,addBookmarkFolder,addFolder/1
Activated Virtual Pages,CENTOS,16175194,2016-08-08 12:48:14,addBookmarkFolder,addFolder/1
Activated Virtual Pages,CENTOS,16175196,2016-08-08 12:48:15,addBookmarkFolder,addFolder/1
Activated Virtual Pages,CENTOS,16175198,2016-08-08 12:48:16,addBookmarkFolder,addFolder/1
Activated Virtual Pages,CENTOS,16183339,2016-08-08 12:51:57,addBookmarkFolder,addFolder/1
Activated Virtual Pages,CENTOS,16183342,2016-08-08 12:51:58,addBookmarkFolder,addFolder/1
Activated Virtual Pages,CENTOS,16191422,2016-08-08 12:55:31,addBookmarkFolder,addFolder/1
Activated Virtual Pages,CENTOS,16191424,2016-08-08 12:55:32,addBookmarkFolder,addFolder/1
Activated Virtual Pages,CENTOS,16191426,2016-08-08 12:55:33,addBookmarkFolder,addFolder/1
Activated Virtual Pages,CENTOS,16207656,2016-08-08 13:02:43,addBookmarkFolder,addFolder/1
Activated Virtual Pages,CENTOS,16207658,2016-08-08 13:02:44,addBookmarkFolder,addFolder/1
Activated Virtual Pages,CENTOS,16207658,2016-08-08 13:02:45,addBookmarkFolder,addFolder/1
Activated Virtual Pages,CENTOS,16215790,2016-08-08 13:06:21,addBookmarkFolder,addFolder/1
Activated Virtual Pages,CENTOS,16215790,2016-08-08 13:06:22,addBookmarkFolder,addFolder/1
Activated Virtual Pages,CENTOS,16223922,2016-08-08 13:09:54,addBookmarkFolder,addFolder/1
Activated Virtual Pages,CENTOS,16223926,2016-08-08 13:09:55,addBookmarkFolder,addFolder/1
Activated Virtual Pages,CENTOS,16232058,2016-08-08 13:13:31,addBookmarkFolder,addFolder/1
Activated Virtual Pages,CENTOS,16232060,2016-08-08 13:13:32,addBookmarkFolder,addFolder/1
Activated Virtual Pages,CENTOS,16232060,2016-08-08 13:13:33,addBookmarkFolder,addFolder/1
Activated Virtual Pages,CENTOS,16240225,2016-08-08 13:17:09,addBookmarkFolder,addFolder/1
Activated Virtual Pages,CENTOS,16240225,2016-08-08 13:17:10,addBookmarkFolder,addFolder/1
Activated Virtual Pages,CENTOS,16248345,2016-08-08 13:20:44,addBookmarkFolder,addFolder/1
Activated Virtual Pages,CENTOS,16248349,2016-08-08 13:20:45,addBookmarkFolder,addFolder/1
Activated Virtual Pages,CENTOS,16274348,2016-08-08 13:32:33,addBookmarkFolder,addFolder/1
Activated Virtual Pages,CENTOS,16274352,2016-08-08 13:32:34,addBookmarkFolder,addFolder/1
Activated Virtual Pages,CENTOS,16282467,2016-08-08 13:36:17,addBookmarkFolder,addFolder/1
Activated Virtual Pages,CENTOS,16282469,2016-08-08 13:36:18,addBookmarkFolder,addFolder/1
Activated Virtual Pages,CENTOS,16282469,2016-08-08 13:36:19,addBookmarkFolder,addFolder/1
Activated Virtual Pages,CENTOS,16298938,2016-08-08 13:43:57,addBookmarkFolder,addFolder/1
Activated Virtual Pages,CENTOS,16298939,2016-08-08 13:43:58,addBookmarkFolder,addFolder/1
Activated Virtual Pages,CENTOS,16298941,2016-08-08 13:43:59,addBookmarkFolder,addFolder/1
Activated Virtual Pages,CENTOS,16308754,2016-08-08 13:47:33,addBookmarkFolder,addFolder/1
Activated Virtual Pages,CENTOS,16308757,2016-08-08 13:47:34,addBookmarkFolder,addFolder/1
Activated Virtual Pages,CENTOS,16316932,2016-08-08 13:51:11,addBookmarkFolder,addFolder/1
Activated Virtual Pages,CENTOS,16316932,2016-08-08 13:51:12,addBookmarkFolder,addFolder/1
Activated Virtual Pages,CENTOS,16325084,2016-08-08 13:54:44,addBookmarkFolder,addFolder/1
Activated Virtual Pages,CENTOS,16325086,2016-08-08 13:54:45,addBookmarkFolder,addFolder/1
Activated Virtual Pages,CENTOS,16325089,2016-08-08 13:54:46,addBookmarkFolder,addFolder/1
Activated Virtual Pages,CENTOS,16333279,2016-08-08 13:58:23,addBookmarkFolder,addFolder/1
Activated Virtual Pages,CENTOS,16333279,2016-08-08 13:58:24,addBookmarkFolder,addFolder/1
Activated Virtual Pages,CENTOS,16341426,2016-08-08 14:01:57,addBookmarkFolder,addFolder/1
Activated Virtual Pages,CENTOS,16341428,2016-08-08 14:01:58,addBookmarkFolder,addFolder/1
Activated Virtual Pages,CENTOS,16341428,2016-08-08 14:01:59,addBookmarkFolder,addFolder/1
Activated Virtual Pages,CENTOS,16349580,2016-08-08 14:05:37,addBookmarkFolder,addFolder/1
Activated Virtual Pages,CENTOS,16349582,2016-08-08 14:05:38,addBookmarkFolder,addFolder/1
Activated Virtual Pages,CENTOS,16357742,2016-08-08 14:09:19,addBookmarkFolder,addFolder/1
Activated Virtual Pages,CENTOS,16357742,2016-08-08 14:09:20,addBookmarkFolder,addFolder/1
Activated Virtual Pages,CENTOS,16365886,2016-08-08 14:13:02,addBookmarkFolder,addFolder/1
Activated Virtual Pages,CENTOS,16365886,2016-08-08 14:13:03,addBookmarkFolder,addFolder/1
Activated Virtual Pages,CENTOS,16374097,2016-08-08 14:16:36,addBookmarkFolder,addFolder/1
Activated Virtual Pages,CENTOS,16374097,2016-08-08 14:16:37,addBookmarkFolder,addFolder/1
Activated Virtual Pages,CENTOS,16394017,2016-08-08 14:24:01,addBookmarkFolder,addFolder/1
Activated Virtual Pages,CENTOS,16394019,2016-08-08 14:24:02,addBookmarkFolder,addFolder/1
Activated Virtual Pages,CENTOS,16394021,2016-08-08 14:24:03,addBookmarkFolder,addFolder/1
Activated Virtual Pages,CENTOS,16394021,2016-08-08 14:24:04,addBookmarkFolder,addFolder/1
Activated Virtual Pages,CENTOS,16413351,2016-08-08 14:31:17,addBookmarkFolder,addFolder/1
Activated Virtual Pages,CENTOS,16413351,2016-08-08 14:31:18,addBookmarkFolder,addFolder/1
Activated Virtual Pages,CENTOS,16413353,2016-08-08 14:31:19,addBookmarkFolder,addFolder/1
Activated Virtual Pages,CENTOS,16421593,2016-08-08 14:34:53,addBookmarkFolder,addFolder/1
Activated Virtual Pages,CENTOS,16421595,2016-08-08 14:34:54,addBookmarkFolder,addFolder/1
Activated Virtual Pages,CENTOS,16421598,2016-08-08 14:34:55,addBookmarkFolder,addFolder/1
Activated Virtual Pages,CENTOS,16430076,2016-08-08 14:38:34,addBookmarkFolder,addFolder/1
Activated Virtual Pages,CENTOS,16430078,2016-08-08 14:38:35,addBookmarkFolder,addFolder/1
Activated Virtual Pages,CENTOS,16430082,2016-08-08 14:38:36,addBookmarkFolder,addFolder/1
Activated Virtual Pages,CENTOS,16438899,2016-08-08 14:42:14,addBookmarkFolder,addFolder/1
Activated Virtual Pages,CENTOS,16438902,2016-08-08 14:42:15,addBookmarkFolder,addFolder/1
Activated Virtual Pages,CENTOS,16438908,2016-08-08 14:42:16,addBookmarkFolder,addFolder/1
Activated Virtual Pages,CENTOS,16438908,2016-08-08 14:42:17,addBookmarkFolder,addFolder/1
Activated Virtual Pages,CENTOS,16451564,2016-08-08 14:45:55,addBookmarkFolder,addFolder/1
Activated Virtual Pages,CENTOS,16451567,2016-08-08 14:45:56,addBookmarkFolder,addFolder/1
Activated Virtual Pages,CENTOS,16451567,2016-08-08 14:45:57,addBookmarkFolder,addFolder/1
Activated Virtual Pages,CENTOS,16459879,2016-08-08 14:49:32,addBookmarkFolder,addFolder/1
Activated Virtual Pages,CENTOS,16459881,2016-08-08 14:49:33,addBookmarkFolder,addFolder/1
Activated Virtual Pages,CENTOS,16459883,2016-08-08 14:49:34,addBookmarkFolder,addFolder/1
Activated Virtual Pages,CENTOS,16468272,2016-08-08 14:53:12,addBookmarkFolder,addFolder/1
Activated Virtual Pages,CENTOS,16468274,2016-08-08 14:53:13,addBookmarkFolder,addFolder/1
Activated Virtual Pages,CENTOS,16468279,2016-08-08 14:53:14,addBookmarkFolder,addFolder/1
Activated Virtual Pages,CENTOS,16477001,2016-08-08 14:56:52,addBookmarkFolder,addFolder/1
Activated Virtual Pages,CENTOS,16477003,2016-08-08 14:56:53,addBookmarkFolder,addFolder/1
Activated Virtual Pages,CENTOS,16477006,2016-08-08 14:56:54,addBookmarkFolder,addFolder/1
Activated Virtual Pages,CENTOS,16477008,2016-08-08 14:56:55,addBookmarkFolder,addFolder/1
Activated Virtual Pages,CENTOS,16485339,2016-08-08 15:00:39,addBookmarkFolder,addFolder/1
Activated Virtual Pages,CENTOS,16485339,2016-08-08 15:00:40,addBookmarkFolder,addFolder/1
Activated Virtual Pages,CENTOS,16493678,2016-08-08 15:04:16,addBookmarkFolder,addFolder/1
Activated Virtual Pages,CENTOS,16493681,2016-08-08 15:04:17,addBookmarkFolder,addFolder/1
Activated Virtual Pages,CENTOS,16493681,2016-08-08 15:04:18,addBookmarkFolder,addFolder/1
Activated Virtual Pages,CENTOS,16512163,2016-08-08 15:11:24,addBookmarkFolder,addFolder/1
Activated Virtual Pages,CENTOS,16512165,2016-08-08 15:11:25,addBookmarkFolder,addFolder/1
Activated Virtual Pages,CENTOS,16512165,2016-08-08 15:11:26,addBookmarkFolder,addFolder/1
Activated Virtual Pages,CENTOS,16520748,2016-08-08 15:15:07,addBookmarkFolder,addFolder/1
Activated Virtual Pages,CENTOS,16520751,2016-08-08 15:15:08,addBookmarkFolder,addFolder/1
Activated Virtual Pages,CENTOS,16529043,2016-08-08 15:18:45,addBookmarkFolder,addFolder/1
Activated Virtual Pages,CENTOS,16529045,2016-08-08 15:18:46,addBookmarkFolder,addFolder/1
Activated Virtual Pages,CENTOS,16529045,2016-08-08 15:18:47,addBookmarkFolder,addFolder/1
Activated Virtual Pages,CENTOS,16537349,2016-08-08 15:22:25,addBookmarkFolder,addFolder/1
Activated Virtual Pages,CENTOS,16537352,2016-08-08 15:22:26,addBookmarkFolder,addFolder/1
Activated Virtual Pages,CENTOS,16537353,2016-08-08 15:22:27,addBookmarkFolder,addFolder/1
Activated Virtual Pages,CENTOS,16545661,2016-08-08 15:25:59,addBookmarkFolder,addFolder/1
Activated Virtual Pages,CENTOS,16545661,2016-08-08 15:26:00,addBookmarkFolder,addFolder/1
Activated Virtual Pages,CENTOS,16545664,2016-08-08 15:26:01,addBookmarkFolder,addFolder/1
Activated Virtual Pages,CENTOS,16545664,2016-08-08 15:26:02,addBookmarkFolder,addFolder/1
Activated Virtual Pages,CENTOS,16553994,2016-08-08 15:29:37,addBookmarkFolder,addFolder/1
Activated Virtual Pages,CENTOS,16553995,2016-08-08 15:29:38,addBookmarkFolder,addFolder/1
Activated Virtual Pages,CENTOS,16553997,2016-08-08 15:29:39,addBookmarkFolder,addFolder/1
Activated Virtual Pages,CENTOS,16562357,2016-08-08 15:33:18,addBookmarkFolder,addFolder/1
Activated Virtual Pages,CENTOS,16562359,2016-08-08 15:33:19,addBookmarkFolder,addFolder/1
Activated Virtual Pages,CENTOS,16562362,2016-08-08 15:33:20,addBookmarkFolder,addFolder/1
Activated Virtual Pages,CENTOS,16570670,2016-08-08 15:36:55,addBookmarkFolder,addFolder/1
Activated Virtual Pages,CENTOS,16570672,2016-08-08 15:36:56,addBookmarkFolder,addFolder/1
Activated Virtual Pages,CENTOS,16570674,2016-08-08 15:36:57,addBookmarkFolder,addFolder/1
Activated Virtual Pages,CENTOS,16587357,2016-08-08 15:44:14,addBookmarkFolder,addFolder/1
Activated Virtual Pages,CENTOS,16587359,2016-08-08 15:44:15,addBookmarkFolder,addFolder/1
Activated Virtual Pages,CENTOS,16587359,2016-08-08 15:44:16,addBookmarkFolder,addFolder/1
Activated Virtual Pages,CENTOS,16595685,2016-08-08 15:47:52,addBookmarkFolder,addFolder/1
Activated Virtual Pages,CENTOS,16595685,2016-08-08 15:47:53,addBookmarkFolder,addFolder/1
Activated Virtual Pages,CENTOS,16603973,2016-08-08 15:51:29,addBookmarkFolder,addFolder/1
Activated Virtual Pages,CENTOS,16603981,2016-08-08 15:51:30,addBookmarkFolder,addFolder/1
Activated Virtual Pages,CENTOS,16620544,2016-08-08 15:58:39,addBookmarkFolder,addFolder/1
Activated Virtual Pages,CENTOS,16620547,2016-08-08 15:58:40,addBookmarkFolder,addFolder/1
Activated Virtual Pages,CENTOS,16628802,2016-08-08 16:02:17,addBookmarkFolder,addFolder/1
Activated Virtual Pages,CENTOS,16628806,2016-08-08 16:02:18,addBookmarkFolder,addFolder/1
Activated Virtual Pages,CENTOS,16637060,2016-08-08 16:06:01,addBookmarkFolder,addFolder/1
Activated Virtual Pages,CENTOS,16637060,2016-08-08 16:06:02,addBookmarkFolder,addFolder/1
Activated Virtual Pages,CENTOS,16653651,2016-08-08 16:13:08,addBookmarkFolder,addFolder/1
Activated Virtual Pages,CENTOS,16653651,2016-08-08 16:13:09,addBookmarkFolder,addFolder/1
Activated Virtual Pages,CENTOS,16653654,2016-08-08 16:13:10,addBookmarkFolder,addFolder/1
Activated Virtual Pages,CENTOS,16661921,2016-08-08 16:16:43,addBookmarkFolder,addFolder/1
Activated Virtual Pages,CENTOS,16661923,2016-08-08 16:16:44,addBookmarkFolder,addFolder/1
Activated Virtual Pages,CENTOS,16661923,2016-08-08 16:16:45,addBookmarkFolder,addFolder/1
Activated Virtual Pages,CENTOS,16670269,2016-08-08 16:20:20,addBookmarkFolder,addFolder/1
Activated Virtual Pages,CENTOS,16670271,2016-08-08 16:20:21,addBookmarkFolder,addFolder/1
Activated Virtual Pages,CENTOS,16670275,2016-08-08 16:20:22,addBookmarkFolder,addFolder/1
Activated Virtual Pages,CENTOS,16678604,2016-08-08 16:24:07,addBookmarkFolder,addFolder/1
Activated Virtual Pages,CENTOS,16678604,2016-08-08 16:24:08,addBookmarkFolder,addFolder/1
Activated Virtual Pages,CENTOS,16695175,2016-08-08 16:31:31,addBookmarkFolder,addFolder/1
Activated Virtual Pages,CENTOS,16695179,2016-08-08 16:31:32,addBookmarkFolder,addFolder/1
Activated Virtual Pages,CENTOS,16703422,2016-08-08 16:35:09,addBookmarkFolder,addFolder/1
Activated Virtual Pages,CENTOS,16703424,2016-08-08 16:35:10,addBookmarkFolder,addFolder/1
Activated Virtual Pages,CENTOS,16703427,2016-08-08 16:35:11,addBookmarkFolder,addFolder/1
Activated Virtual Pages,CENTOS,16703427,2016-08-08 16:35:12,addBookmarkFolder,addFolder/1
Activated Virtual Pages,CENTOS,16711719,2016-08-08 16:38:50,addBookmarkFolder,addFolder/1
Activated Virtual Pages,CENTOS,16711719,2016-08-08 16:38:51,addBookmarkFolder,addFolder/1
Activated Virtual Pages,CENTOS,16711722,2016-08-08 16:38:52,addBookmarkFolder,addFolder/1
Activated Virtual Pages,CENTOS,16720030,2016-08-08 16:42:27,addBookmarkFolder,addFolder/1
Activated Virtual Pages,CENTOS,16720032,2016-08-08 16:42:28,addBookmarkFolder,addFolder/1
Activated Virtual Pages,CENTOS,16720034,2016-08-08 16:42:29,addBookmarkFolder,addFolder/1
Activated Virtual Pages,CENTOS,16728281,2016-08-08 16:46:04,addBookmarkFolder,addFolder/1
Activated Virtual Pages,CENTOS,16728283,2016-08-08 16:46:05,addBookmarkFolder,addFolder/1
Activated Virtual Pages,CENTOS,16736586,2016-08-08 16:49:49,addBookmarkFolder,addFolder/1
Activated Virtual Pages,CENTOS,16736586,2016-08-08 16:49:50,addBookmarkFolder,addFolder/1
Activated Virtual Pages,CENTOS,16744899,2016-08-08 16:53:25,addBookmarkFolder,addFolder/1
Activated Virtual Pages,CENTOS,16744899,2016-08-08 16:53:26,addBookmarkFolder,addFolder/1
Activated Virtual Pages,CENTOS,16753200,2016-08-08 16:57:04,addBookmarkFolder,addFolder/1
Activated Virtual Pages,CENTOS,16753202,2016-08-08 16:57:05,addBookmarkFolder,addFolder/1
Activated Virtual Pages,CENTOS,16753205,2016-08-08 16:57:06,addBookmarkFolder,addFolder/1
Activated Virtual Pages,CENTOS,16761457,2016-08-08 17:00:40,addBookmarkFolder,addFolder/1
Activated Virtual Pages,CENTOS,16761460,2016-08-08 17:00:41,addBookmarkFolder,addFolder/1
Activated Virtual Pages,CENTOS,16761460,2016-08-08 17:00:42,addBookmarkFolder,addFolder/1
Activated Virtual Pages,CENTOS,16778028,2016-08-08 17:07:51,addBookmarkFolder,addFolder/1
Activated Virtual Pages,CENTOS,16778031,2016-08-08 17:07:52,addBookmarkFolder,addFolder/1
Activated Virtual Pages,CENTOS,16786334,2016-08-08 17:11:24,addBookmarkFolder,addFolder/1
Activated Virtual Pages,CENTOS,16786336,2016-08-08 17:11:25,addBookmarkFolder,addFolder/1
Activated Virtual Pages,CENTOS,16786336,2016-08-08 17:11:26,addBookmarkFolder,addFolder/1
Activated Virtual Pages,CENTOS,16794637,2016-08-08 17:14:59,addBookmarkFolder,addFolder/1
Activated Virtual Pages,CENTOS,16794637,2016-08-08 17:15:00,addBookmarkFolder,addFolder/1
Activated Virtual Pages,CENTOS,16802890,2016-08-08 17:18:32,addBookmarkFolder,addFolder/1
Activated Virtual Pages,CENTOS,16802892,2016-08-08 17:18:33,addBookmarkFolder,addFolder/1
Activated Virtual Pages,CENTOS,16802892,2016-08-08 17:18:34,addBookmarkFolder,addFolder/1
Activated Virtual Pages,CENTOS,16811105,2016-08-08 17:22:09,addBookmarkFolder,addFolder/1
Activated Virtual Pages,CENTOS,16811111,2016-08-08 17:22:10,addBookmarkFolder,addFolder/1
Activated Virtual Pages,CENTOS,16819332,2016-08-08 17:25:46,addBookmarkFolder,addFolder/1
Activated Virtual Pages,CENTOS,16819334,2016-08-08 17:25:47,addBookmarkFolder,addFolder/1
Activated Virtual Pages,CENTOS,16819336,2016-08-08 17:25:48,addBookmarkFolder,addFolder/1
Activated Virtual Pages,CENTOS,16827555,2016-08-08 17:29:24,addBookmarkFolder,addFolder/1
Activated Virtual Pages,CENTOS,16827557,2016-08-08 17:29:25,addBookmarkFolder,addFolder/1
Activated Virtual Pages,CENTOS,16827559,2016-08-08 17:29:26,addBookmarkFolder,addFolder/1
Activated Virtual Pages,CENTOS,16844040,2016-08-08 17:36:53,addBookmarkFolder,addFolder/1
Activated Virtual Pages,CENTOS,16844043,2016-08-08 17:36:54,addBookmarkFolder,addFolder/1
Activated Virtual Pages,CENTOS,16844045,2016-08-08 17:36:55,addBookmarkFolder,addFolder/1
Activated Virtual Pages,CENTOS,16852354,2016-08-08 17:40:30,addBookmarkFolder,addFolder/1
Activated Virtual Pages,CENTOS,16852356,2016-08-08 17:40:31,addBookmarkFolder,addFolder/1
Activated Virtual Pages,CENTOS,16852358,2016-08-08 17:40:32,addBookmarkFolder,addFolder/1
Activated Virtual Pages,CENTOS,16860586,2016-08-08 17:44:05,addBookmarkFolder,addFolder/1
Activated Virtual Pages,CENTOS,16860590,2016-08-08 17:44:06,addBookmarkFolder,addFolder/1
Activated Virtual Pages,CENTOS,16885310,2016-08-08 17:55:13,addBookmarkFolder,addFolder/1
Activated Virtual Pages,CENTOS,16885310,2016-08-08 17:55:14,addBookmarkFolder,addFolder/1
Activated Virtual Pages,CENTOS,16893544,2016-08-08 17:58:50,addBookmarkFolder,addFolder/1
Activated Virtual Pages,CENTOS,16893547,2016-08-08 17:58:51,addBookmarkFolder,addFolder/1
Activated Virtual Pages,CENTOS,16893548,2016-08-08 17:58:52,addBookmarkFolder,addFolder/1
Activated Virtual Pages,CENTOS,16901780,2016-08-08 18:02:29,addBookmarkFolder,addFolder/1
Activated Virtual Pages,CENTOS,16901781,2016-08-08 18:02:30,addBookmarkFolder,addFolder/1
Activated Virtual Pages,CENTOS,16901784,2016-08-08 18:02:31,addBookmarkFolder,addFolder/1
Activated Virtual Pages,CENTOS,16910020,2016-08-08 18:06:07,addBookmarkFolder,addFolder/1
Activated Virtual Pages,CENTOS,16910020,2016-08-08 18:06:08,addBookmarkFolder,addFolder/1
Activated Virtual Pages,CENTOS,16910023,2016-08-08 18:06:09,addBookmarkFolder,addFolder/1
Activated Virtual Pages,CENTOS,16918349,2016-08-08 18:09:44,addBookmarkFolder,addFolder/1
Activated Virtual Pages,CENTOS,16918353,2016-08-08 18:09:45,addBookmarkFolder,addFolder/1
Activated Virtual Pages,CENTOS,16918353,2016-08-08 18:09:46,addBookmarkFolder,addFolder/1
Activated Virtual Pages,CENTOS,16926578,2016-08-08 18:13:22,addBookmarkFolder,addFolder/1
Activated Virtual Pages,CENTOS,16926580,2016-08-08 18:13:23,addBookmarkFolder,addFolder/1
Activated Virtual Pages,CENTOS,16934860,2016-08-08 18:17:00,addBookmarkFolder,addFolder/1
Activated Virtual Pages,CENTOS,16934862,2016-08-08 18:17:01,addBookmarkFolder,addFolder/1
Activated Virtual Pages,CENTOS,16934864,2016-08-08 18:17:02,addBookmarkFolder,addFolder/1
Activated Virtual Pages,CENTOS,16943124,2016-08-08 18:20:44,addBookmarkFolder,addFolder/1
Activated Virtual Pages,CENTOS,16943126,2016-08-08 18:20:45,addBookmarkFolder,addFolder/1
Activated Virtual Pages,CENTOS,16943129,2016-08-08 18:20:46,addBookmarkFolder,addFolder/1
Activated Virtual Pages,CENTOS,16943129,2016-08-08 18:20:47,addBookmarkFolder,addFolder/1
Activated Virtual Pages,CENTOS,16951418,2016-08-08 18:24:22,addBookmarkFolder,addFolder/1
Activated Virtual Pages,CENTOS,16951420,2016-08-08 18:24:23,addBookmarkFolder,addFolder/1
Activated Virtual Pages,CENTOS,16951423,2016-08-08 18:24:24,addBookmarkFolder,addFolder/1
Activated Virtual Pages,CENTOS,16959653,2016-08-08 18:28:07,addBookmarkFolder,addFolder/1
Activated Virtual Pages,CENTOS,16959653,2016-08-08 18:28:08,addBookmarkFolder,addFolder/1
Activated Virtual Pages,CENTOS,16967908,2016-08-08 18:31:48,addBookmarkFolder,addFolder/1
Activated Virtual Pages,CENTOS,16967912,2016-08-08 18:31:49,addBookmarkFolder,addFolder/1
Activated Virtual Pages,CENTOS,16967912,2016-08-08 18:31:50,addBookmarkFolder,addFolder/1
Activated Virtual Pages,CENTOS,16976130,2016-08-08 18:35:23,addBookmarkFolder,addFolder/1
Activated Virtual Pages,CENTOS,16976130,2016-08-08 18:35:24,addBookmarkFolder,addFolder/1
Activated Virtual Pages,CENTOS,16984410,2016-08-08 18:38:59,addBookmarkFolder,addFolder/1
Activated Virtual Pages,CENTOS,16984410,2016-08-08 18:39:00,addBookmarkFolder,addFolder/1
Activated Virtual Pages,CENTOS,16984413,2016-08-08 18:39:01,addBookmarkFolder,addFolder/1
Activated Virtual Pages,CENTOS,16984413,2016-08-08 18:39:02,addBookmarkFolder,addFolder/1
Activated Virtual Pages,CENTOS,17000871,2016-08-08 18:46:28,addBookmarkFolder,addFolder/1
Activated Virtual Pages,CENTOS,17000875,2016-08-08 18:46:29,addBookmarkFolder,addFolder/1
Activated Virtual Pages,CENTOS,17009095,2016-08-08 18:50:03,addBookmarkFolder,addFolder/1
Activated Virtual Pages,CENTOS,17009098,2016-08-08 18:50:04,addBookmarkFolder,addFolder/1
Activated Virtual Pages,CENTOS,17009100,2016-08-08 18:50:05,addBookmarkFolder,addFolder/1
Activated Virtual Pages,CENTOS,17009101,2016-08-08 18:50:06,addBookmarkFolder,addFolder/1
Activated Virtual Pages,CENTOS,17056189,2016-08-09 10:40:44,addBookmarkFolder,addFolder/1
Activated Virtual Pages,CENTOS,17056195,2016-08-09 10:40:45,addBookmarkFolder,addFolder/1
Activated Virtual Pages,CENTOS,17066843,2016-08-09 10:44:29,addBookmarkFolder,addFolder/1
Activated Virtual Pages,CENTOS,17066845,2016-08-09 10:44:30,addBookmarkFolder,addFolder/1
Activated Virtual Pages,CENTOS,17066848,2016-08-09 10:44:31,addBookmarkFolder,addFolder/1
Activated Virtual Pages,CENTOS,17088187,2016-08-09 10:52:41,addBookmarkFolder,addFolder/1
Activated Virtual Pages,CENTOS,17088189,2016-08-09 10:52:42,addBookmarkFolder,addFolder/1
Activated Virtual Pages,CENTOS,17088189,2016-08-09 10:52:43,addBookmarkFolder,addFolder/1
Activated Virtual Pages,CENTOS,17098841,2016-08-09 10:56:30,addBookmarkFolder,addFolder/1
Activated Virtual Pages,CENTOS,17098845,2016-08-09 10:56:31,addBookmarkFolder,addFolder/1
Activated Virtual Pages,CENTOS,17098845,2016-08-09 10:56:32,addBookmarkFolder,addFolder/1
Activated Virtual Pages,CENTOS,17109493,2016-08-09 11:00:17,addBookmarkFolder,addFolder/1
Activated Virtual Pages,CENTOS,17109495,2016-08-09 11:00:18,addBookmarkFolder,addFolder/1
Activated Virtual Pages,CENTOS,17129632,2016-08-09 11:08:31,addBookmarkFolder,addFolder/1
Activated Virtual Pages,CENTOS,17129633,2016-08-09 11:08:32,addBookmarkFolder,addFolder/1
Activated Virtual Pages,CENTOS,17152902,2016-08-09 11:16:01,addBookmarkFolder,addFolder/1
Activated Virtual Pages,CENTOS,17152904,2016-08-09 11:16:02,addBookmarkFolder,addFolder/1
Activated Virtual Pages,CENTOS,17152905,2016-08-09 11:16:03,addBookmarkFolder,addFolder/1
Activated Virtual Pages,CENTOS,17174291,2016-08-09 11:24:18,addBookmarkFolder,addFolder/1
Activated Virtual Pages,CENTOS,17174294,2016-08-09 11:24:19,addBookmarkFolder,addFolder/1
Activated Virtual Pages,CENTOS,17174294,2016-08-09 11:24:20,addBookmarkFolder,addFolder/1
Activated Virtual Pages,CENTOS,17280160,2016-08-09 12:02:57,addBookmarkFolder,addFolder/1
Activated Virtual Pages,CENTOS,17280164,2016-08-09 12:02:58,addBookmarkFolder,addFolder/1
Activated Virtual Pages,CENTOS,17280164,2016-08-09 12:02:59,addBookmarkFolder,addFolder/1
Activated Virtual Pages,CENTOS,17369392,2016-08-09 12:37:17,addBookmarkFolder,addFolder/1
Activated Virtual Pages,CENTOS,17369393,2016-08-09 12:37:18,addBookmarkFolder,addFolder/1
Activated Virtual Pages,CENTOS,17369395,2016-08-09 12:37:19,addBookmarkFolder,addFolder/1
Activated Virtual Pages,CENTOS,17444664,2016-08-09 13:02:56,addBookmarkFolder,addFolder/1
Activated Virtual Pages,CENTOS,17444666,2016-08-09 13:02:57,addBookmarkFolder,addFolder/1
Activated Virtual Pages,CENTOS,17444668,2016-08-09 13:02:58,addBookmarkFolder,addFolder/1
Activated Virtual Pages,CENTOS,17455294,2016-08-09 13:06:42,addBookmarkFolder,addFolder/1
Activated Virtual Pages,CENTOS,17455296,2016-08-09 13:06:43,addBookmarkFolder,addFolder/1
Activated Virtual Pages,CENTOS,17455298,2016-08-09 13:06:44,addBookmarkFolder,addFolder/1
Activated Virtual Pages,CENTOS,17487495,2016-08-09 13:18:41,addBookmarkFolder,addFolder/1
Activated Virtual Pages,CENTOS,17487495,2016-08-09 13:18:42,addBookmarkFolder,addFolder/1
Activated Virtual Pages,CENTOS,17495852,2016-08-09 13:22:20,addBookmarkFolder,addFolder/1
Activated Virtual Pages,CENTOS,17495852,2016-08-09 13:22:21,addBookmarkFolder,addFolder/1
Activated Virtual Pages,CENTOS,17512444,2016-08-09 13:29:38,addBookmarkFolder,addFolder/1
Activated Virtual Pages,CENTOS,17512446,2016-08-09 13:29:39,addBookmarkFolder,addFolder/1
Activated Virtual Pages,CENTOS,17512446,2016-08-09 13:29:40,addBookmarkFolder,addFolder/1
Activated Virtual Pages,CENTOS,17520765,2016-08-09 13:33:15,addBookmarkFolder,addFolder/1
Activated Virtual Pages,CENTOS,17520769,2016-08-09 13:33:16,addBookmarkFolder,addFolder/1
Activated Virtual Pages,CENTOS,17537291,2016-08-09 13:40:38,addBookmarkFolder,addFolder/1
Activated Virtual Pages,CENTOS,17537291,2016-08-09 13:40:39,addBookmarkFolder,addFolder/1
Activated Virtual Pages,CENTOS,17545570,2016-08-09 13:44:14,addBookmarkFolder,addFolder/1
Activated Virtual Pages,CENTOS,17545574,2016-08-09 13:44:15,addBookmarkFolder,addFolder/1
Activated Virtual Pages,CENTOS,17570451,2016-08-09 13:55:43,addBookmarkFolder,addFolder/1
Activated Virtual Pages,CENTOS,17570451,2016-08-09 13:55:44,addBookmarkFolder,addFolder/1
Activated Virtual Pages,CENTOS,17578726,2016-08-09 13:59:18,addBookmarkFolder,addFolder/1
Activated Virtual Pages,CENTOS,17578728,2016-08-09 13:59:19,addBookmarkFolder,addFolder/1
Activated Virtual Pages,CENTOS,17578730,2016-08-09 13:59:20,addBookmarkFolder,addFolder/1
Activated Virtual Pages,CENTOS,17587130,2016-08-09 14:02:53,addBookmarkFolder,addFolder/1
Activated Virtual Pages,CENTOS,17587132,2016-08-09 14:02:54,addBookmarkFolder,addFolder/1
Activated Virtual Pages,CENTOS,17587142,2016-08-09 14:02:55,addBookmarkFolder,addFolder/1
Activated Virtual Pages,CENTOS,17599205,2016-08-09 14:06:34,addBookmarkFolder,addFolder/1
Activated Virtual Pages,CENTOS,17599205,2016-08-09 14:06:35,addBookmarkFolder,addFolder/1
Activated Virtual Pages,CENTOS,17607528,2016-08-09 14:10:11,addBookmarkFolder,addFolder/1
Activated Virtual Pages,CENTOS,17607530,2016-08-09 14:10:12,addBookmarkFolder,addFolder/1
Activated Virtual Pages,CENTOS,17615812,2016-08-09 14:13:49,addBookmarkFolder,addFolder/1
Activated Virtual Pages,CENTOS,17615812,2016-08-09 14:13:50,addBookmarkFolder,addFolder/1
Activated Virtual Pages,CENTOS,17615816,2016-08-09 14:13:51,addBookmarkFolder,addFolder/1
Activated Virtual Pages,CENTOS,17615816,2016-08-09 14:13:52,addBookmarkFolder,addFolder/1
Activated Virtual Pages,CENTOS,17624120,2016-08-09 14:17:32,addBookmarkFolder,addFolder/1
Activated Virtual Pages,CENTOS,17624123,2016-08-09 14:17:33,addBookmarkFolder,addFolder/1
Activated Virtual Pages,CENTOS,17624123,2016-08-09 14:17:34,addBookmarkFolder,addFolder/1
Activated Virtual Pages,CENTOS,17632473,2016-08-09 14:21:09,addBookmarkFolder,addFolder/1
Activated Virtual Pages,CENTOS,17632473,2016-08-09 14:21:10,addBookmarkFolder,addFolder/1
Activated Virtual Pages,CENTOS,17640789,2016-08-09 14:24:51,addBookmarkFolder,addFolder/1
Activated Virtual Pages,CENTOS,17640794,2016-08-09 14:24:52,addBookmarkFolder,addFolder/1
Activated Virtual Pages,CENTOS,17657488,2016-08-09 14:32:56,addBookmarkFolder,addFolder/1
Activated Virtual Pages,CENTOS,17657488,2016-08-09 14:32:57,addBookmarkFolder,addFolder/1
Activated Virtual Pages,CENTOS,17665767,2016-08-09 14:36:33,addBookmarkFolder,addFolder/1
Activated Virtual Pages,CENTOS,17665769,2016-08-09 14:36:34,addBookmarkFolder,addFolder/1
Activated Virtual Pages,CENTOS,17665773,2016-08-09 14:36:35,addBookmarkFolder,addFolder/1
Activated Virtual Pages,CENTOS,17674074,2016-08-09 14:40:12,addBookmarkFolder,addFolder/1
Activated Virtual Pages,CENTOS,17674074,2016-08-09 14:40:13,addBookmarkFolder,addFolder/1
Activated Virtual Pages,CENTOS,17682357,2016-08-09 14:43:51,addBookmarkFolder,addFolder/1
Activated Virtual Pages,CENTOS,17682359,2016-08-09 14:43:52,addBookmarkFolder,addFolder/1
Activated Virtual Pages,CENTOS,17690655,2016-08-09 14:47:30,addBookmarkFolder,addFolder/1
Activated Virtual Pages,CENTOS,17690657,2016-08-09 14:47:31,addBookmarkFolder,addFolder/1
Activated Virtual Pages,CENTOS,17690658,2016-08-09 14:47:32,addBookmarkFolder,addFolder/1
Activated Virtual Pages,CENTOS,17698974,2016-08-09 14:51:09,addBookmarkFolder,addFolder/1
Activated Virtual Pages,CENTOS,17698978,2016-08-09 14:51:10,addBookmarkFolder,addFolder/1
Activated Virtual Pages,CENTOS,17715536,2016-08-09 14:58:22,addBookmarkFolder,addFolder/1
Activated Virtual Pages,CENTOS,17715540,2016-08-09 14:58:23,addBookmarkFolder,addFolder/1
Activated Virtual Pages,CENTOS,17715540,2016-08-09 14:58:24,addBookmarkFolder,addFolder/1
Activated Virtual Pages,CENTOS,17723935,2016-08-09 15:02:04,addBookmarkFolder,addFolder/1
Activated Virtual Pages,CENTOS,17723938,2016-08-09 15:02:05,addBookmarkFolder,addFolder/1
Activated Virtual Pages,CENTOS,17732257,2016-08-09 15:05:38,addBookmarkFolder,addFolder/1
Activated Virtual Pages,CENTOS,17732264,2016-08-09 15:05:39,addBookmarkFolder,addFolder/1
Activated Virtual Pages,CENTOS,17732264,2016-08-09 15:05:40,addBookmarkFolder,addFolder/1
Activated Virtual Pages,CENTOS,17740557,2016-08-09 15:09:18,addBookmarkFolder,addFolder/1
Activated Virtual Pages,CENTOS,17740557,2016-08-09 15:09:19,addBookmarkFolder,addFolder/1
Activated Virtual Pages,CENTOS,17748871,2016-08-09 15:12:55,addBookmarkFolder,addFolder/1
Activated Virtual Pages,CENTOS,17748873,2016-08-09 15:12:56,addBookmarkFolder,addFolder/1
Activated Virtual Pages,CENTOS,17757165,2016-08-09 15:16:30,addBookmarkFolder,addFolder/1
Activated Virtual Pages,CENTOS,17757167,2016-08-09 15:16:31,addBookmarkFolder,addFolder/1
Activated Virtual Pages,CENTOS,17757172,2016-08-09 15:16:32,addBookmarkFolder,addFolder/1
Activated Virtual Pages,CENTOS,17765436,2016-08-09 15:20:07,addBookmarkFolder,addFolder/1
Activated Virtual Pages,CENTOS,17765436,2016-08-09 15:20:08,addBookmarkFolder,addFolder/1
Activated Virtual Pages,CENTOS,17773723,2016-08-09 15:23:47,addBookmarkFolder,addFolder/1
Activated Virtual Pages,CENTOS,17773723,2016-08-09 15:23:48,addBookmarkFolder,addFolder/1
Activated Virtual Pages,CENTOS,17782027,2016-08-09 15:27:20,addBookmarkFolder,addFolder/1
Activated Virtual Pages,CENTOS,17782031,2016-08-09 15:27:21,addBookmarkFolder,addFolder/1
Activated Virtual Pages,CENTOS,17782031,2016-08-09 15:27:22,addBookmarkFolder,addFolder/1
Activated Virtual Pages,CENTOS,17790404,2016-08-09 15:31:03,addBookmarkFolder,addFolder/1
Activated Virtual Pages,CENTOS,17790407,2016-08-09 15:31:04,addBookmarkFolder,addFolder/1
Activated Virtual Pages,CENTOS,17798680,2016-08-09 15:34:48,addBookmarkFolder,addFolder/1
Activated Virtual Pages,CENTOS,17798684,2016-08-09 15:34:49,addBookmarkFolder,addFolder/1
Activated Virtual Pages,CENTOS,17807004,2016-08-09 15:38:22,addBookmarkFolder,addFolder/1
Activated Virtual Pages,CENTOS,17807006,2016-08-09 15:38:23,addBookmarkFolder,addFolder/1
Activated Virtual Pages,CENTOS,17815314,2016-08-09 15:42:03,addBookmarkFolder,addFolder/1
Activated Virtual Pages,CENTOS,17815314,2016-08-09 15:42:04,addBookmarkFolder,addFolder/1
Activated Virtual Pages,CENTOS,17831936,2016-08-09 15:49:36,addBookmarkFolder,addFolder/1
Activated Virtual Pages,CENTOS,17831940,2016-08-09 15:49:37,addBookmarkFolder,addFolder/1
Activated Virtual Pages,CENTOS,17840236,2016-08-09 15:53:23,addBookmarkFolder,addFolder/1
Activated Virtual Pages,CENTOS,17840236,2016-08-09 15:53:24,addBookmarkFolder,addFolder/1
Activated Virtual Pages,CENTOS,17848509,2016-08-09 15:56:57,addBookmarkFolder,addFolder/1
Activated Virtual Pages,CENTOS,17848509,2016-08-09 15:56:58,addBookmarkFolder,addFolder/1
Activated Virtual Pages,CENTOS,17856896,2016-08-09 16:00:35,addBookmarkFolder,addFolder/1
Activated Virtual Pages,CENTOS,17856898,2016-08-09 16:00:36,addBookmarkFolder,addFolder/1
Activated Virtual Pages,CENTOS,17865179,2016-08-09 16:04:11,addBookmarkFolder,addFolder/1
Activated Virtual Pages,CENTOS,17865179,2016-08-09 16:04:12,addBookmarkFolder,addFolder/1
Activated Virtual Pages,CENTOS,17881748,2016-08-09 16:11:34,addBookmarkFolder,addFolder/1
Activated Virtual Pages,CENTOS,17881754,2016-08-09 16:11:35,addBookmarkFolder,addFolder/1
Activated Virtual Pages,CENTOS,17890027,2016-08-09 16:15:14,addBookmarkFolder,addFolder/1
Activated Virtual Pages,CENTOS,17890035,2016-08-09 16:15:15,addBookmarkFolder,addFolder/1
Activated Virtual Pages,CENTOS,17906670,2016-08-09 16:22:25,addBookmarkFolder,addFolder/1
Activated Virtual Pages,CENTOS,17906676,2016-08-09 16:22:26,addBookmarkFolder,addFolder/1
Activated Virtual Pages,CENTOS,17914979,2016-08-09 16:26:02,addBookmarkFolder,addFolder/1
Activated Virtual Pages,CENTOS,17914983,2016-08-09 16:26:03,addBookmarkFolder,addFolder/1
Activated Virtual Pages,CENTOS,17923385,2016-08-09 16:29:43,addBookmarkFolder,addFolder/1
Activated Virtual Pages,CENTOS,17923389,2016-08-09 16:29:44,addBookmarkFolder,addFolder/1
Activated Virtual Pages,CENTOS,17931694,2016-08-09 16:33:22,addBookmarkFolder,addFolder/1
Activated Virtual Pages,CENTOS,17931696,2016-08-09 16:33:23,addBookmarkFolder,addFolder/1
Activated Virtual Pages,CENTOS,17939965,2016-08-09 16:36:59,addBookmarkFolder,addFolder/1
Activated Virtual Pages,CENTOS,17939967,2016-08-09 16:37:00,addBookmarkFolder,addFolder/1
Activated Virtual Pages,CENTOS,17948281,2016-08-09 16:40:35,addBookmarkFolder,addFolder/1
Activated Virtual Pages,CENTOS,17948286,2016-08-09 16:40:36,addBookmarkFolder,addFolder/1
Activated Virtual Pages,CENTOS,17948286,2016-08-09 16:40:37,addBookmarkFolder,addFolder/1
Activated Virtual Pages,CENTOS,17956565,2016-08-09 16:44:10,addBookmarkFolder,addFolder/1
Activated Virtual Pages,CENTOS,17956565,2016-08-09 16:44:11,addBookmarkFolder,addFolder/1
Activated Virtual Pages,CENTOS,17956565,2016-08-09 16:44:12,addBookmarkFolder,addFolder/1
Activated Virtual Pages,CENTOS,17964854,2016-08-09 16:47:45,addBookmarkFolder,addFolder/1
Activated Virtual Pages,CENTOS,17964858,2016-08-09 16:47:46,addBookmarkFolder,addFolder/1
Activated Virtual Pages,CENTOS,17973133,2016-08-09 16:51:21,addBookmarkFolder,addFolder/1
Activated Virtual Pages,CENTOS,17973139,2016-08-09 16:51:22,addBookmarkFolder,addFolder/1
Activated Virtual Pages,CENTOS,17981429,2016-08-09 16:54:55,addBookmarkFolder,addFolder/1
Activated Virtual Pages,CENTOS,17981431,2016-08-09 16:54:56,addBookmarkFolder,addFolder/1
Activated Virtual Pages,CENTOS,17981431,2016-08-09 16:54:57,addBookmarkFolder,addFolder/1
Activated Virtual Pages,CENTOS,17989811,2016-08-09 16:58:41,addBookmarkFolder,addFolder/1
Activated Virtual Pages,CENTOS,17989811,2016-08-09 16:58:42,addBookmarkFolder,addFolder/1
Activated Virtual Pages,CENTOS,17998112,2016-08-09 17:02:18,addBookmarkFolder,addFolder/1
Activated Virtual Pages,CENTOS,17998115,2016-08-09 17:02:19,addBookmarkFolder,addFolder/1
Activated Virtual Pages,CENTOS,18014754,2016-08-09 17:09:43,addBookmarkFolder,addFolder/1
Activated Virtual Pages,CENTOS,18014759,2016-08-09 17:09:44,addBookmarkFolder,addFolder/1
Activated Virtual Pages,CENTOS,18023067,2016-08-09 17:13:23,addBookmarkFolder,addFolder/1
Activated Virtual Pages,CENTOS,18023071,2016-08-09 17:13:24,addBookmarkFolder,addFolder/1
Activated Virtual Pages,CENTOS,18023071,2016-08-09 17:13:25,addBookmarkFolder,addFolder/1
Activated Virtual Pages,CENTOS,18031371,2016-08-09 17:17:07,addBookmarkFolder,addFolder/1
Activated Virtual Pages,CENTOS,18031372,2016-08-09 17:17:08,addBookmarkFolder,addFolder/1
Activated Virtual Pages,CENTOS,18039672,2016-08-09 17:20:43,addBookmarkFolder,addFolder/1
Activated Virtual Pages,CENTOS,18039675,2016-08-09 17:20:44,addBookmarkFolder,addFolder/1
Activated Virtual Pages,CENTOS,18047976,2016-08-09 17:24:18,addBookmarkFolder,addFolder/1
Activated Virtual Pages,CENTOS,18047980,2016-08-09 17:24:19,addBookmarkFolder,addFolder/1
Activated Virtual Pages,CENTOS,18056332,2016-08-09 17:27:54,addBookmarkFolder,addFolder/1
Activated Virtual Pages,CENTOS,18056334,2016-08-09 17:27:55,addBookmarkFolder,addFolder/1
Activated Virtual Pages,CENTOS,18064641,2016-08-09 17:31:32,addBookmarkFolder,addFolder/1
Activated Virtual Pages,CENTOS,18064644,2016-08-09 17:31:33,addBookmarkFolder,addFolder/1
Activated Virtual Pages,CENTOS,18064644,2016-08-09 17:31:34,addBookmarkFolder,addFolder/1
Activated Virtual Pages,CENTOS,18072949,2016-08-09 17:35:09,addBookmarkFolder,addFolder/1
Activated Virtual Pages,CENTOS,18072951,2016-08-09 17:35:10,addBookmarkFolder,addFolder/1
Activated Virtual Pages,CENTOS,18089531,2016-08-09 17:42:21,addBookmarkFolder,addFolder/1
Activated Virtual Pages,CENTOS,18089533,2016-08-09 17:42:22,addBookmarkFolder,addFolder/1
Activated Virtual Pages,CENTOS,18089533,2016-08-09 17:42:23,addBookmarkFolder,addFolder/1
Activated Virtual Pages,CENTOS,18097842,2016-08-09 17:45:59,addBookmarkFolder,addFolder/1
Activated Virtual Pages,CENTOS,18097842,2016-08-09 17:46:00,addBookmarkFolder,addFolder/1
Activated Virtual Pages,CENTOS,18106152,2016-08-09 17:49:34,addBookmarkFolder,addFolder/1
Activated Virtual Pages,CENTOS,18106157,2016-08-09 17:49:35,addBookmarkFolder,addFolder/1
Activated Virtual Pages,CENTOS,18114454,2016-08-09 17:53:08,addBookmarkFolder,addFolder/1
Activated Virtual Pages,CENTOS,18114458,2016-08-09 17:53:09,addBookmarkFolder,addFolder/1
Activated Virtual Pages,CENTOS,18114458,2016-08-09 17:53:10,addBookmarkFolder,addFolder/1
Activated Virtual Pages,CENTOS,18125600,2016-08-09 17:56:50,addBookmarkFolder,addFolder/1
Activated Virtual Pages,CENTOS,18125600,2016-08-09 17:56:51,addBookmarkFolder,addFolder/1
Activated Virtual Pages,CENTOS,18142321,2016-08-09 18:04:10,addBookmarkFolder,addFolder/1
Activated Virtual Pages,CENTOS,18142325,2016-08-09 18:04:11,addBookmarkFolder,addFolder/1
Activated Virtual Pages,CENTOS,18151565,2016-08-09 18:07:44,addBookmarkFolder,addFolder/1
Activated Virtual Pages,CENTOS,18151569,2016-08-09 18:07:45,addBookmarkFolder,addFolder/1
Activated Virtual Pages,CENTOS,18151569,2016-08-09 18:07:46,addBookmarkFolder,addFolder/1
Activated Virtual Pages,CENTOS,18159923,2016-08-09 18:11:22,addBookmarkFolder,addFolder/1
Activated Virtual Pages,CENTOS,18159923,2016-08-09 18:11:23,addBookmarkFolder,addFolder/1
Activated Virtual Pages,CENTOS,18168284,2016-08-09 18:15:03,addBookmarkFolder,addFolder/1
Activated Virtual Pages,CENTOS,18168287,2016-08-09 18:15:04,addBookmarkFolder,addFolder/1
Activated Virtual Pages,CENTOS,18176623,2016-08-09 18:18:47,addBookmarkFolder,addFolder/1
Activated Virtual Pages,CENTOS,18176624,2016-08-09 18:18:48,addBookmarkFolder,addFolder/1
Activated Virtual Pages,CENTOS,109283,2016-09-12 23:01:52,addBookmarkFolder,addFolder/1
Activated Virtual Pages,CENTOS,109283,2016-09-12 23:01:53,addBookmarkFolder,addFolder/1
Activated Virtual Pages,CENTOS,117680,2016-09-12 23:05:29,addBookmarkFolder,addFolder/1
Activated Virtual Pages,CENTOS,117684,2016-09-12 23:05:30,addBookmarkFolder,addFolder/1
Activated Virtual Pages,CENTOS,126012,2016-09-12 23:09:12,addBookmarkFolder,addFolder/1
Activated Virtual Pages,CENTOS,126016,2016-09-12 23:09:13,addBookmarkFolder,addFolder/1
Activated Virtual Pages,CENTOS,134348,2016-09-12 23:12:57,addBookmarkFolder,addFolder/1
Activated Virtual Pages,CENTOS,134348,2016-09-12 23:12:58,addBookmarkFolder,addFolder/1
Activated Virtual Pages,CENTOS,142688,2016-09-12 23:16:42,addBookmarkFolder,addFolder/1
Activated Virtual Pages,CENTOS,142688,2016-09-12 23:16:43,addBookmarkFolder,addFolder/1
Activated Virtual Pages,CENTOS,151192,2016-09-12 23:20:26,addBookmarkFolder,addFolder/1
Activated Virtual Pages,CENTOS,151196,2016-09-12 23:20:27,addBookmarkFolder,addFolder/1
Activated Virtual Pages,CENTOS,159675,2016-09-12 23:24:11,addBookmarkFolder,addFolder/1
Activated Virtual Pages,CENTOS,159675,2016-09-12 23:24:12,addBookmarkFolder,addFolder/1
Activated Virtual Pages,CENTOS,168229,2016-09-12 23:27:52,addBookmarkFolder,addFolder/1
Activated Virtual Pages,CENTOS,168230,2016-09-12 23:27:53,addBookmarkFolder,addFolder/1
Activated Virtual Pages,CENTOS,176703,2016-09-12 23:31:37,addBookmarkFolder,addFolder/1
Activated Virtual Pages,CENTOS,176708,2016-09-12 23:31:38,addBookmarkFolder,addFolder/1
Activated Virtual Pages,CENTOS,185216,2016-09-12 23:35:16,addBookmarkFolder,addFolder/1
Activated Virtual Pages,CENTOS,185220,2016-09-12 23:35:17,addBookmarkFolder,addFolder/1
Activated Virtual Pages,CENTOS,193689,2016-09-12 23:38:56,addBookmarkFolder,addFolder/1
Activated Virtual Pages,CENTOS,193691,2016-09-12 23:38:57,addBookmarkFolder,addFolder/1
Activated Virtual Pages,CENTOS,202170,2016-09-12 23:42:34,addBookmarkFolder,addFolder/1
Activated Virtual Pages,CENTOS,202172,2016-09-12 23:42:35,addBookmarkFolder,addFolder/1
Activated Virtual Pages,CENTOS,210762,2016-09-12 23:46:13,addBookmarkFolder,addFolder/1
Activated Virtual Pages,CENTOS,210764,2016-09-12 23:46:14,addBookmarkFolder,addFolder/1
Activated Virtual Pages,CENTOS,210764,2016-09-12 23:46:15,addBookmarkFolder,addFolder/1
Activated Virtual Pages,CENTOS,219260,2016-09-12 23:49:58,addBookmarkFolder,addFolder/1
Activated Virtual Pages,CENTOS,219260,2016-09-12 23:49:59,addBookmarkFolder,addFolder/1
Activated Virtual Pages,CENTOS,227789,2016-09-12 23:53:35,addBookmarkFolder,addFolder/1
Activated Virtual Pages,CENTOS,227793,2016-09-12 23:53:36,addBookmarkFolder,addFolder/1
Activated Virtual Pages,CENTOS,236336,2016-09-12 23:57:13,addBookmarkFolder,addFolder/1
Activated Virtual Pages,CENTOS,236340,2016-09-12 23:57:14,addBookmarkFolder,addFolder/1
Activated Virtual Pages,CENTOS,244930,2016-09-13 00:00:56,addBookmarkFolder,addFolder/1
Activated Virtual Pages,CENTOS,244930,2016-09-13 00:00:57,addBookmarkFolder,addFolder/1
Activated Virtual Pages,CENTOS,253529,2016-09-13 00:04:39,addBookmarkFolder,addFolder/1
Activated Virtual Pages,CENTOS,253529,2016-09-13 00:04:40,addBookmarkFolder,addFolder/1
Activated Virtual Pages,CENTOS,262110,2016-09-13 00:08:17,addBookmarkFolder,addFolder/1
Activated Virtual Pages,CENTOS,262113,2016-09-13 00:08:18,addBookmarkFolder,addFolder/1
Activated Virtual Pages,CENTOS,279388,2016-09-13 00:15:38,addBookmarkFolder,addFolder/1
Activated Virtual Pages,CENTOS,279392,2016-09-13 00:15:39,addBookmarkFolder,addFolder/1
Activated Virtual Pages,CENTOS,279393,2016-09-13 00:15:40,addBookmarkFolder,addFolder/1
Activated Virtual Pages,CENTOS,288014,2016-09-13 00:19:16,addBookmarkFolder,addFolder/1
Activated Virtual Pages,CENTOS,288018,2016-09-13 00:19:17,addBookmarkFolder,addFolder/1
Activated Virtual Pages,CENTOS,288018,2016-09-13 00:19:18,addBookmarkFolder,addFolder/1
Activated Virtual Pages,CENTOS,305244,2016-09-13 00:26:48,addBookmarkFolder,addFolder/1
Activated Virtual Pages,CENTOS,305249,2016-09-13 00:26:49,addBookmarkFolder,addFolder/1
Activated Virtual Pages,CENTOS,313854,2016-09-13 00:30:25,addBookmarkFolder,addFolder/1
Activated Virtual Pages,CENTOS,313860,2016-09-13 00:30:26,addBookmarkFolder,addFolder/1
Activated Virtual Pages,CENTOS,313860,2016-09-13 00:30:27,addBookmarkFolder,addFolder/1
Activated Virtual Pages,CENTOS,322477,2016-09-13 00:34:00,addBookmarkFolder,addFolder/1
Activated Virtual Pages,CENTOS,322479,2016-09-13 00:34:01,addBookmarkFolder,addFolder/1
Activated Virtual Pages,CENTOS,331105,2016-09-13 00:37:34,addBookmarkFolder,addFolder/1
Activated Virtual Pages,CENTOS,331113,2016-09-13 00:37:35,addBookmarkFolder,addFolder/1
Activated Virtual Pages,CENTOS,339750,2016-09-13 00:41:17,addBookmarkFolder,addFolder/1
Activated Virtual Pages,CENTOS,339750,2016-09-13 00:41:18,addBookmarkFolder,addFolder/1
Activated Virtual Pages,CENTOS,357135,2016-09-13 00:48:40,addBookmarkFolder,addFolder/1
Activated Virtual Pages,CENTOS,357141,2016-09-13 00:48:41,addBookmarkFolder,addFolder/1
Activated Virtual Pages,CENTOS,374458,2016-09-13 00:55:56,addBookmarkFolder,addFolder/1
Activated Virtual Pages,CENTOS,374462,2016-09-13 00:55:57,addBookmarkFolder,addFolder/1
Activated Virtual Pages,CENTOS,383089,2016-09-13 00:59:33,addBookmarkFolder,addFolder/1
Activated Virtual Pages,CENTOS,383089,2016-09-13 00:59:34,addBookmarkFolder,addFolder/1
Activated Virtual Pages,CENTOS,400413,2016-09-13 01:06:50,addBookmarkFolder,addFolder/1
Activated Virtual Pages,CENTOS,400414,2016-09-13 01:06:51,addBookmarkFolder,addFolder/1
Activated Virtual Pages,CENTOS,417760,2016-09-13 01:14:22,addBookmarkFolder,addFolder/1
Activated Virtual Pages,CENTOS,417762,2016-09-13 01:14:23,addBookmarkFolder,addFolder/1
Activated Virtual Pages,CENTOS,426428,2016-09-13 01:18:00,addBookmarkFolder,addFolder/1
Activated Virtual Pages,CENTOS,426432,2016-09-13 01:18:01,addBookmarkFolder,addFolder/1
Activated Virtual Pages,CENTOS,435104,2016-09-13 01:21:35,addBookmarkFolder,addFolder/1
Activated Virtual Pages,CENTOS,435107,2016-09-13 01:21:36,addBookmarkFolder,addFolder/1
Activated Virtual Pages,CENTOS,435109,2016-09-13 01:21:37,addBookmarkFolder,addFolder/1
Activated Virtual Pages,CENTOS,443800,2016-09-13 01:25:19,addBookmarkFolder,addFolder/1
Activated Virtual Pages,CENTOS,443802,2016-09-13 01:25:20,addBookmarkFolder,addFolder/1
Activated Virtual Pages,CENTOS,452446,2016-09-13 01:28:58,addBookmarkFolder,addFolder/1
Activated Virtual Pages,CENTOS,452446,2016-09-13 01:28:59,addBookmarkFolder,addFolder/1
Activated Virtual Pages,CENTOS,469738,2016-09-13 01:36:28,addBookmarkFolder,addFolder/1
Activated Virtual Pages,CENTOS,469738,2016-09-13 01:36:29,addBookmarkFolder,addFolder/1
Activated Virtual Pages,CENTOS,487111,2016-09-13 01:44:01,addBookmarkFolder,addFolder/1
Activated Virtual Pages,CENTOS,487113,2016-09-13 01:44:02,addBookmarkFolder,addFolder/1
Activated Virtual Pages,CENTOS,487113,2016-09-13 01:44:03,addBookmarkFolder,addFolder/1
